unit_id,unit_title,app_level,word_cz,word_en,official_level,status,early
2,Meet Someone,A1,dobrý den,hello / good day,A1,official_A1,
2,Meet Someone,A1,na shledanou,goodbye,A1,official_A1,
2,Meet Someone,A1,děkuji,thank you,,reference_text_only,
2,Meet Someone,A1,prosím,please / you're welcome,A1,official_A1,
2,Meet Someone,A1,ano,yes,A1,official_A1,
2,Meet Someone,A1,ne,no,A1,official_A1,
2,Meet Someone,A1,jmenuju se,my name is,,reference_text_only,
2,Meet Someone,A1,jsem,I am,,reference_text_only,
2,Meet Someone,A1,Těší mě,Nice to meet you,A1,official_A1,
2,Meet Someone,A1,jak se máš,how are you (informal),,reference_text_only,
2,Meet Someone,A1,jak se máte,how are you (formal),,reference_text_only,
2,Meet Someone,A1,ahoj,hi / bye (informal),A1,official_A1,
2,Meet Someone,A1,dobré ráno,good morning,A1,official_A1,
2,Meet Someone,A1,dobrý večer,good evening,A1,official_A1,
2,Meet Someone,A1,dobrou noc,good night,A1,official_A1,
2,Meet Someone,A1,promiňte,excuse me (formal),A1,official_A1,
2,Meet Someone,A1,pan,Mr. / gentleman,A1,official_A1,
2,Meet Someone,A1,paní,Mrs. / lady,A1,official_A1,
2,Meet Someone,A1,z,from,A1,official_A1,
2,Meet Someone,A1,Praha,Prague,,reference_text_only,
3,People and Things Around Me,A1,žena,woman,A1,official_A1,
3,People and Things Around Me,A1,muž,man,A1,official_A1,
3,People and Things Around Me,A1,hrad,castle,,reference_text_only,
3,People and Things Around Me,A1,město,city / town,A1,official_A1,
3,People and Things Around Me,A1,kniha,book,A1,official_A1,
3,People and Things Around Me,A1,káva,coffee,A1,official_A1,
3,People and Things Around Me,A1,pes,dog,A1,official_A1,
3,People and Things Around Me,A1,auto,car,A1,official_A1,
3,People and Things Around Me,A1,dům,house,A1,official_A1,
3,People and Things Around Me,A1,škola,school,A1,official_A1,
3,People and Things Around Me,A1,voda,water,A1,official_A1,
3,People and Things Around Me,A1,chleba,bread,A1,official_A1,
3,People and Things Around Me,A1,pivo,beer,A1,official_A1,
3,People and Things Around Me,A1,okno,window,A1,official_A1,
3,People and Things Around Me,A1,stůl,table,A1,official_A1,
4,Who I Am and What I Have,A1,být,to be,A1,official_A1,
4,Who I Am and What I Have,A1,mít,to have,A1,official_A1,
5,What I Do,A1,dělat,to do / to make,A2,official_A2,yes
5,What I Do,A1,mluvit,to speak,A1,official_A1,
5,What I Do,A1,prosit,to ask / to request,A1,official_A1,
7,My Things and Your Things,A1,já,I,A1,official_A1,
7,My Things and Your Things,A1,ty,you (informal),,reference_text_only,
7,My Things and Your Things,A1,on,he,,reference_text_only,
7,My Things and Your Things,A1,ona,she,,reference_text_only,
7,My Things and Your Things,A1,my,we,,reference_text_only,
7,My Things and Your Things,A1,vy,you (plural/formal),A1,official_A1,
7,My Things and Your Things,A1,oni,they (animate),,reference_text_only,
7,My Things and Your Things,A1,můj,my (possessive),,reference_text_only,
7,My Things and Your Things,A1,tvůj,your (possessive),,reference_text_only,
8,My Family and People I Know,A1,rodina,family,A1,official_A1,
8,My Family and People I Know,A1,matka,mother,A1,official_A1,
8,My Family and People I Know,A1,otec,father,A1,official_A1,
8,My Family and People I Know,A1,bratr,brother,A1,official_A1,
8,My Family and People I Know,A1,sestra,sister,A1,official_A1,
8,My Family and People I Know,A1,dobrý,good,A1,official_A1,
8,My Family and People I Know,A1,velký,big,A1,official_A1,
8,My Family and People I Know,A1,malý,small,A1,official_A1,
8,My Family and People I Know,A1,hezký,pretty / nice,A1,official_A1,
11,Order Food and Pay,A1,dám si,I'll have (ordering),,reference_text_only,
11,Order Food and Pay,A1,zaplatit,to pay,A1,official_A1,
9,Numbers and Making a Plan,A1,kolik,how much,A1,official_A1,
7,My Things and Your Things,A1,nula,zero,A1,official_A1,
7,My Things and Your Things,A1,jeden,one,A1,official_A1,
7,My Things and Your Things,A1,dva,two,A1,official_A1,
7,My Things and Your Things,A1,tři,three,A1,official_A1,
7,My Things and Your Things,A1,čtyři,four,,reference_text_only,
1,"Hear, Read & Repair Czech",A1,řeka,river,A1,official_A1,
1,"Hear, Read & Repair Czech",A1,Dvořák,Dvořák (name),,reference_text_only,
1,"Hear, Read & Repair Czech",A1,děti,children,A1,official_A1,
1,"Hear, Read & Repair Czech",A1,teče,flows,,reference_text_only,
1,"Hear, Read & Repair Czech",A1,most,bridge,A1,official_A1,
1,"Hear, Read & Repair Czech",A1,slovo,word,A1,official_A1,
1,"Hear, Read & Repair Czech",A1,škola,school,A1,official_A1,
1,"Hear, Read & Repair Czech",A1,uložit,to save / to store,A2,official_A2,yes
1,"Hear, Read & Repair Czech",A1,uložiště,storage,,absent,
1,"Hear, Read & Repair Czech",A1,uložené,saved / stored,,absent,
3,People and Things Around Me,A1,kdo,who,A1,official_A1,
3,People and Things Around Me,A1,co,what,A1,official_A1,
3,People and Things Around Me,A1,to,that / it,A1,official_A1,
3,People and Things Around Me,A1,student,student (male),A1,official_A1,
3,People and Things Around Me,A1,studentka,student (female),A1,official_A1,
3,People and Things Around Me,A1,učitel,teacher (male),A1,official_A1,
3,People and Things Around Me,A1,učitelka,teacher (female),A1,official_A1,
3,People and Things Around Me,A1,lékař,doctor (male),A1,official_A1,
3,People and Things Around Me,A1,lékařka,doctor (female),A1,official_A1,
3,People and Things Around Me,A1,nový,new,A1,official_A1,
3,People and Things Around Me,A1,starý,old,A1,official_A1,
3,People and Things Around Me,A1,tady,here,A1,official_A1,
3,People and Things Around Me,A1,tam,there,A1,official_A1,
2,Meet Someone,A1,ano,yes,A1,official_A1,
3,People and Things Around Me,A1,nebo,or,A1,official_A1,
3,People and Things Around Me,A1,a,and,A1,official_A1,
3,People and Things Around Me,A1,ale,but,A1,official_A1,
3,People and Things Around Me,A1,v,in,A1,official_A1,
3,People and Things Around Me,A1,je,is / it is,,reference_text_only,
3,People and Things Around Me,A1,bydlet,to live (somewhere),A1,official_A1,
4,Who I Am and What I Have,A1,být,to be,A1,official_A1,
4,Who I Am and What I Have,A1,mít,to have,A1,official_A1,
4,Who I Am and What I Have,A1,jsem,I am,,reference_text_only,
4,Who I Am and What I Have,A1,jsi,you are,,reference_text_only,
4,Who I Am and What I Have,A1,je,he/she/it is,,reference_text_only,
4,Who I Am and What I Have,A1,jsme,we are,,reference_text_only,
4,Who I Am and What I Have,A1,jste,you (plural) are,,reference_text_only,
4,Who I Am and What I Have,A1,jsou,they are,,reference_text_only,
4,Who I Am and What I Have,A1,mám,I have,,reference_text_only,
4,Who I Am and What I Have,A1,máš,you have,,reference_text_only,
4,Who I Am and What I Have,A1,má,he/she has,,reference_text_only,
4,Who I Am and What I Have,A1,máme,we have,,reference_text_only,
4,Who I Am and What I Have,A1,mají,they have,,reference_text_only,
4,Who I Am and What I Have,A1,nejsem,I am not,,reference_text_only,
4,Who I Am and What I Have,A1,nemám,I don't have,,reference_text_only,
4,Who I Am and What I Have,A1,není,he/she/it is not,,reference_text_only,
4,Who I Am and What I Have,A1,kde,where,A1,official_A1,
4,Who I Am and What I Have,A1,kdo,who,A1,official_A1,
4,Who I Am and What I Have,A1,co,what,A1,official_A1,
4,Who I Am and What I Have,A1,ano,yes,A1,official_A1,
4,Who I Am and What I Have,A1,ne,no,A1,official_A1,
4,Who I Am and What I Have,A1,čas,time,A1,official_A1,
4,Who I Am and What I Have,A1,tady,here,A1,official_A1,
4,Who I Am and What I Have,A1,tam,there,A1,official_A1,
5,What I Do,A1,dělat,to do / to make,A2,official_A2,yes
5,What I Do,A1,mluvit,to speak,A1,official_A1,
5,What I Do,A1,rozumět,to understand,A1,official_A1,
5,What I Do,A1,číst,to read,A1,official_A1,
5,What I Do,A1,znát,to know (a person/place),A1,official_A1,
5,What I Do,A1,čekat,to wait,A1,official_A1,
5,What I Do,A1,psát,to write,A1,official_A1,
5,What I Do,A1,hrát,to play,A1,official_A1,
5,What I Do,A1,bydlet,to live (somewhere),A1,official_A1,
5,What I Do,A1,prosit,to ask / to request,A1,official_A1,
5,What I Do,A1,učit,to teach,A1,official_A1,
5,What I Do,A1,učit se,to learn,A1,official_A1,
5,What I Do,A1,pracovat,to work,A1,official_A1,
5,What I Do,A1,vidět,to see,A1,official_A1,
5,What I Do,A1,jíst,to eat,A1,official_A1,
5,What I Do,A1,pít,to drink,A1,official_A1,
5,What I Do,A1,česky,Czech (language),A1,official_A1,
5,What I Do,A1,anglicky,English (language),,reference_text_only,
5,What I Do,A1,nic,nothing,A1,official_A1,
5,What I Do,A1,dobře,well / good,A1,official_A1,
5,What I Do,A1,špatně,badly / poorly,A1,official_A1,
6,Get What You Need,A1,vidět,to see,A1,official_A1,
6,Get What You Need,A1,kávu,coffee (accusative),,reference_text_only,
6,Get What You Need,A1,knihu,book (accusative),,reference_text_only,
6,Get What You Need,A1,vodu,water (accusative),,reference_text_only,
6,Get What You Need,A1,ženu,woman (accusative),,reference_text_only,
6,Get What You Need,A1,psa,dog (accusative),,reference_text_only,
6,Get What You Need,A1,muže,man (accusative),,reference_text_only,
6,Get What You Need,A1,studenta,student (accusative),,reference_text_only,
6,Get What You Need,A1,učitele,teacher (accusative),,reference_text_only,
6,Get What You Need,A1,lékaře,doctor (accusative),,reference_text_only,
6,Get What You Need,A1,školu,school (accusative),,reference_text_only,
6,Get What You Need,A1,chleba,bread,A1,official_A1,
6,Get What You Need,A1,dopis,letter,A1,official_A1,
6,Get What You Need,A1,autobus,bus,A1,official_A1,
6,Get What You Need,A1,koho,whom (accusative),,reference_text_only,
7,My Things and Your Things,A1,já,I,A1,official_A1,
7,My Things and Your Things,A1,ty,you (informal),,reference_text_only,
7,My Things and Your Things,A1,on,he,,reference_text_only,
7,My Things and Your Things,A1,ona,she,,reference_text_only,
7,My Things and Your Things,A1,my,we,,reference_text_only,
7,My Things and Your Things,A1,vy,you (plural/formal),A1,official_A1,
7,My Things and Your Things,A1,oni,they (animate),,reference_text_only,
7,My Things and Your Things,A1,můj,"my (possessive, masc)",,reference_text_only,
7,My Things and Your Things,A1,moje,"my (possessive, fem/neut)",,reference_text_only,
7,My Things and Your Things,A1,tvůj,"your (possessive, masc)",,reference_text_only,
7,My Things and Your Things,A1,tvoje,"your (possessive, fem/neut)",,absent,
7,My Things and Your Things,A1,jeho,his,,reference_text_only,
7,My Things and Your Things,A1,její,her,,reference_text_only,
7,My Things and Your Things,A1,náš,"our (possessive, masc)",,reference_text_only,
7,My Things and Your Things,A1,naše,"our (possessive, fem/neut)",,reference_text_only,
7,My Things and Your Things,A1,váš,"your pl. (possessive, masc)",,reference_text_only,
7,My Things and Your Things,A1,vaše,"your pl. (possessive, fem/neut)",,reference_text_only,
7,My Things and Your Things,A1,jejich,their,,reference_text_only,
7,My Things and Your Things,A1,jeden,one,A1,official_A1,
7,My Things and Your Things,A1,dva,two,A1,official_A1,
7,My Things and Your Things,A1,tři,three,A1,official_A1,
7,My Things and Your Things,A1,čtyři,four,,reference_text_only,
8,My Family and People I Know,A1,rodina,family,A1,official_A1,
8,My Family and People I Know,A1,matka,mother (formal),A1,official_A1,
8,My Family and People I Know,A1,máma,mom (informal),A1,official_A1,
8,My Family and People I Know,A1,otec,father (formal),A1,official_A1,
8,My Family and People I Know,A1,táta,dad (informal),A1,official_A1,
8,My Family and People I Know,A1,bratr,brother,A1,official_A1,
8,My Family and People I Know,A1,sestra,sister,A1,official_A1,
8,My Family and People I Know,A1,syn,son,A1,official_A1,
8,My Family and People I Know,A1,dcera,daughter,A1,official_A1,
8,My Family and People I Know,A1,babička,grandmother,A1,official_A1,
8,My Family and People I Know,A1,dědeček,grandfather,A1,official_A1,
8,My Family and People I Know,A1,velký,big (masculine),A1,official_A1,
8,My Family and People I Know,A1,velká,big (feminine),,reference_text_only,
8,My Family and People I Know,A1,velké,big (neuter),,reference_text_only,
8,My Family and People I Know,A1,malý,small (masculine),A1,official_A1,
8,My Family and People I Know,A1,malá,small (feminine),,reference_text_only,
8,My Family and People I Know,A1,malé,small (neuter),,reference_text_only,
8,My Family and People I Know,A1,hezký,pretty / nice (masculine),A1,official_A1,
8,My Family and People I Know,A1,hezká,pretty / nice (feminine),,reference_text_only,
8,My Family and People I Know,A1,hezké,pretty / nice (neuter),,reference_text_only,
8,My Family and People I Know,A1,nový,new (masculine),A1,official_A1,
8,My Family and People I Know,A1,nová,new (feminine),,reference_text_only,
8,My Family and People I Know,A1,nové,new (neuter),,reference_text_only,
8,My Family and People I Know,A1,starý,old (masculine),A1,official_A1,
8,My Family and People I Know,A1,stará,old (feminine),,reference_text_only,
8,My Family and People I Know,A1,staré,old (neuter),,reference_text_only,
8,My Family and People I Know,A1,dobrý,good (masculine),A1,official_A1,
8,My Family and People I Know,A1,dobrá,good (feminine),,reference_text_only,
8,My Family and People I Know,A1,dobré,good (neuter),,reference_text_only,
8,My Family and People I Know,A1,jaký,what kind of (masculine),A1,official_A1,
8,My Family and People I Know,A1,jaká,what kind of (feminine),,reference_text_only,
8,My Family and People I Know,A1,jaké,what kind of (neuter),,reference_text_only,
9,Numbers and Making a Plan,A1,jeden,one (masc),A1,official_A1,
9,Numbers and Making a Plan,A1,jedna,one (fem),,reference_text_only,
9,Numbers and Making a Plan,A1,dva,two (masc),A1,official_A1,
9,Numbers and Making a Plan,A1,tři,three,A1,official_A1,
9,Numbers and Making a Plan,A1,čtyři,four,,reference_text_only,
9,Numbers and Making a Plan,A1,pět,five,,reference_text_only,
9,Numbers and Making a Plan,A1,deset,ten,A1,official_A1,
9,Numbers and Making a Plan,A1,dvacet,twenty,A1,official_A1,
9,Numbers and Making a Plan,A1,sto,hundred,A1,official_A1,
9,Numbers and Making a Plan,A1,hodina,hour / o'clock,A1,official_A1,
9,Numbers and Making a Plan,A1,minuta,minute,A1,official_A1,
9,Numbers and Making a Plan,A1,den,day,A1,official_A1,
9,Numbers and Making a Plan,A1,týden,week,A1,official_A1,
9,Numbers and Making a Plan,A1,měsíc,month / moon,A1,official_A1,
9,Numbers and Making a Plan,A1,rok,year,A1,official_A1,
9,Numbers and Making a Plan,A1,pondělí,Monday,A1,official_A1,
9,Numbers and Making a Plan,A1,úterý,Tuesday,A1,official_A1,
9,Numbers and Making a Plan,A1,středa,Wednesday,A1,official_A1,
9,Numbers and Making a Plan,A1,čtvrtek,Thursday,A1,official_A1,
9,Numbers and Making a Plan,A1,pátek,Friday,A1,official_A1,
9,Numbers and Making a Plan,A1,sobota,Saturday,A1,official_A1,
9,Numbers and Making a Plan,A1,neděle,Sunday,A1,official_A1,
9,Numbers and Making a Plan,A1,dnes,today,A1,official_A1,
9,Numbers and Making a Plan,A1,zítra,tomorrow,A1,official_A1,
9,Numbers and Making a Plan,A1,včera,yesterday,A1,official_A1,
10,My Day,A1,vstávat,to get up,A1,official_A1,
10,My Day,A1,mýt se,to wash oneself,A1,official_A1,
10,My Day,A1,sprchovat se,to shower,A1,official_A1,
10,My Day,A1,oblékat se,to get dressed,A1,official_A1,
10,My Day,A1,snídat,to have breakfast,A1,official_A1,
10,My Day,A1,obědvat,to have lunch,A1,official_A1,
10,My Day,A1,večeřet,to have dinner,A1,official_A1,
10,My Day,A1,učit se,to study / learn,A1,official_A1,
10,My Day,A1,pracovat,to work,A1,official_A1,
10,My Day,A1,odpočívat,to rest,A1,official_A1,
10,My Day,A1,dívat se,to watch / look,A1,official_A1,
10,My Day,A1,jít spát,to go to sleep,A1,official_A1,
10,My Day,A1,ráno,morning,A1,official_A1,
10,My Day,A1,dopoledne,late morning / forenoon,A1,official_A1,
10,My Day,A1,odpoledne,afternoon,A1,official_A1,
10,My Day,A1,večer,evening,A1,official_A1,
10,My Day,A1,v noci,at night,,reference_text_only,
10,My Day,A1,snídaně,breakfast,A1,official_A1,
10,My Day,A1,oběd,lunch,A1,official_A1,
10,My Day,A1,večeře,dinner,A1,official_A1,
11,Order Food and Pay,A1,chléb,bread,,absent,
11,Order Food and Pay,A1,máslo,butter,A1,official_A1,
11,Order Food and Pay,A1,sýr,cheese,A1,official_A1,
11,Order Food and Pay,A1,vejce,egg,A1,official_A1,
11,Order Food and Pay,A1,maso,meat,A1,official_A1,
11,Order Food and Pay,A1,kuře,chicken,A1,official_A1,
11,Order Food and Pay,A1,ryba,fish,A1,official_A1,
11,Order Food and Pay,A1,polévka,soup,A1,official_A1,
11,Order Food and Pay,A1,zelenina,vegetables,A1,official_A1,
11,Order Food and Pay,A1,ovoce,fruit,A1,official_A1,
11,Order Food and Pay,A1,voda,water,A1,official_A1,
11,Order Food and Pay,A1,pivo,beer,A1,official_A1,
11,Order Food and Pay,A1,víno,wine,A1,official_A1,
11,Order Food and Pay,A1,káva,coffee,A1,official_A1,
11,Order Food and Pay,A1,čaj,tea,A1,official_A1,
11,Order Food and Pay,A1,jíst,to eat,A1,official_A1,
11,Order Food and Pay,A1,pít,to drink,A1,official_A1,
11,Order Food and Pay,A1,hlad,hunger,A1,official_A1,
11,Order Food and Pay,A1,žízeň,thirst,A1,official_A1,
11,Order Food and Pay,A1,restaurace,restaurant,A1,official_A1,
11,Order Food and Pay,A1,jídelní lístek,menu,A1,official_A1,
11,Order Food and Pay,A1,účet,bill,A1,official_A1,
12,Choose and Buy Clothes,A1,koruna,crown (currency),,reference_text_only,
12,Choose and Buy Clothes,A1,stát,to cost,A1,official_A1,
12,Choose and Buy Clothes,A1,drahý,expensive,A1,official_A1,
12,Choose and Buy Clothes,A1,levný,cheap,A1,official_A1,
12,Choose and Buy Clothes,A1,kupovat,to buy,A1,official_A1,
12,Choose and Buy Clothes,A1,chtít,to want,A1,official_A1,
12,Choose and Buy Clothes,A1,svetr,sweater,A1,official_A1,
12,Choose and Buy Clothes,A1,košile,shirt,A1,official_A1,
12,Choose and Buy Clothes,A1,kalhoty,pants,A1,official_A1,
12,Choose and Buy Clothes,A1,bunda,jacket,A1,official_A1,
12,Choose and Buy Clothes,A1,boty,shoes,A1,official_A1,
12,Choose and Buy Clothes,A1,šaty,dress,A1,official_A1,
12,Choose and Buy Clothes,A1,barva,color,A1,official_A1,
12,Choose and Buy Clothes,A1,červený,red,A1,official_A1,
12,Choose and Buy Clothes,A1,modrý,blue,A1,official_A1,
12,Choose and Buy Clothes,A1,zelený,green,A1,official_A1,
12,Choose and Buy Clothes,A1,černý,black,A1,official_A1,
12,Choose and Buy Clothes,A1,bílý,white,A1,official_A1,
12,Choose and Buy Clothes,A1,velikost,size,A1,official_A1,
12,Choose and Buy Clothes,A1,zkoušet,to try,,reference_text_only,
13,Talk About Free Time,A1,mít rád,to like,A1,official_A1,
13,Talk About Free Time,A1,rád,gladly / like to (masc),A1,official_A1,
13,Talk About Free Time,A1,volný čas,free time,,reference_text_only,
13,Talk About Free Time,A1,koníček,hobby,A2,official_A2,yes
13,Talk About Free Time,A1,číst,to read,A1,official_A1,
13,Talk About Free Time,A1,sportovat,to do sports,A1,official_A1,
13,Talk About Free Time,A1,plavat,to swim,A1,official_A1,
13,Talk About Free Time,A1,běhat,to run,A2,official_A2,yes
13,Talk About Free Time,A1,jezdit na kole,to ride a bike,,reference_text_only,
13,Talk About Free Time,A1,hrát,to play,A1,official_A1,
13,Talk About Free Time,A1,zpívat,to sing,A1,official_A1,
13,Talk About Free Time,A1,tančit,to dance,,absent,
13,Talk About Free Time,A1,film,film / movie,A1,official_A1,
13,Talk About Free Time,A1,kino,cinema,A1,official_A1,
13,Talk About Free Time,A1,hudba,music,A1,official_A1,
13,Talk About Free Time,A1,knížka,book,,absent,
13,Talk About Free Time,A1,vždycky,always,A2,official_A2,yes
13,Talk About Free Time,A1,často,often,A1,official_A1,
13,Talk About Free Time,A1,někdy,sometimes,A1,official_A1,
13,Talk About Free Time,A1,nikdy,never,A1,official_A1,
14,Find Places and Get Around,A1,kde,where,A1,official_A1,
14,Find Places and Get Around,A1,kam,where to,A1,official_A1,
14,Find Places and Get Around,A1,tady,here,A1,official_A1,
14,Find Places and Get Around,A1,tam,there,A1,official_A1,
14,Find Places and Get Around,A1,rovně,straight,A1,official_A1,
14,Find Places and Get Around,A1,doleva,to the left,A2,official_A2,yes
14,Find Places and Get Around,A1,doprava,to the right,A1,official_A1,
14,Find Places and Get Around,A1,vedle,next to,A1,official_A1,
14,Find Places and Get Around,A1,naproti,opposite,A2,official_A2,yes
14,Find Places and Get Around,A1,blízko,near,A2,official_A2,yes
14,Find Places and Get Around,A1,daleko,far,A1,official_A1,
14,Find Places and Get Around,A1,jít,to go (on foot),A1,official_A1,
14,Find Places and Get Around,A1,jet,to go (by vehicle),A1,official_A1,
14,Find Places and Get Around,A1,autobus,bus,A1,official_A1,
14,Find Places and Get Around,A1,tramvaj,tram,A1,official_A1,
14,Find Places and Get Around,A1,metro,metro / subway,A1,official_A1,
14,Find Places and Get Around,A1,nádraží,station,A1,official_A1,
14,Find Places and Get Around,A1,náměstí,square,A1,official_A1,
14,Find Places and Get Around,A1,ulice,street,A1,official_A1,
14,Find Places and Get Around,A1,most,bridge,A1,official_A1,
15,Talk About Weather and Travel,A1,počasí,weather,A1,official_A1,
15,Talk About Weather and Travel,A1,pršet,to rain,A1,official_A1,
15,Talk About Weather and Travel,A1,sněžit,to snow,A1,official_A1,
15,Talk About Weather and Travel,A1,slunce,sun,A1,official_A1,
15,Talk About Weather and Travel,A1,vítr,wind,A1,official_A1,
15,Talk About Weather and Travel,A1,teplo,warm,A1,official_A1,
15,Talk About Weather and Travel,A1,zima,cold / winter,A1,official_A1,
15,Talk About Weather and Travel,A1,horko,hot,A1,official_A1,
15,Talk About Weather and Travel,A1,jaro,spring,A1,official_A1,
15,Talk About Weather and Travel,A1,léto,summer,A1,official_A1,
15,Talk About Weather and Travel,A1,podzim,autumn,A1,official_A1,
15,Talk About Weather and Travel,A1,dovolená,vacation / holiday,A1,official_A1,
15,Talk About Weather and Travel,A1,cestovat,to travel,A1,official_A1,
15,Talk About Weather and Travel,A1,hotel,hotel,,reference_text_only,
15,Talk About Weather and Travel,A1,letiště,airport,A1,official_A1,
15,Talk About Weather and Travel,A1,listek,ticket,,reference_text_only,
15,Talk About Weather and Travel,A1,byl,was (masc),,reference_text_only,
15,Talk About Weather and Travel,A1,byla,was (fem),,reference_text_only,
15,Talk About Weather and Travel,A1,příští,next,A1,official_A1,
15,Talk About Weather and Travel,A1,minulý,last / past,A1,official_A1,
1,"Hear, Read & Repair Czech",A1,č,č (letter č),,reference_text_only,
1,"Hear, Read & Repair Czech",A1,š,š (letter š),,reference_text_only,
1,"Hear, Read & Repair Czech",A1,ž,ž (letter ž),,reference_text_only,
1,"Hear, Read & Repair Czech",A1,ř,ř (letter ř),,reference_text_only,
1,"Hear, Read & Repair Czech",A1,ť,ť (letter ť),,reference_text_only,
2,Meet Someone,A1,Haló,hello (on phone),A1,official_A1,
2,Meet Someone,A1,Tady je,this is (speaking),,reference_text_only,
2,Meet Someone,A1,Tak zatím,so long for now,,phrase_of_known_words,
2,Meet Someone,A1,Uvidíme se,see you,,reference_text_only,
2,Meet Someone,A1,Mějte se hezky,take care,A1,official_A1,
2,Meet Someone,A1,S dovolením,excuse me / with permission,,phrase_of_known_words,
3,People and Things Around Me,A1,židle,chair,A1,official_A1,
4,Who I Am and What I Have,A1,kdy,when,A1,official_A1,
4,Who I Am and What I Have,A1,jak,how,A1,official_A1,
4,Who I Am and What I Have,A1,proč,why,A2,official_A2,yes
4,Who I Am and What I Have,A1,odkud,where from,A1,official_A1,
4,Who I Am and What I Have,A1,unavený,tired,A1,official_A1,
4,Who I Am and What I Have,A1,spokojený,satisfied / content,A2,official_A2,yes
4,Who I Am and What I Have,A1,hladový,hungry,,absent,
5,What I Do,A1,studovat,to study,A1,official_A1,
5,What I Do,A1,vařit,to cook,A1,official_A1,
5,What I Do,A1,prodávat,to sell,A1,official_A1,
6,Get What You Need,A1,přítelkyni,girlfriend (accusative),,reference_text_only,
6,Get What You Need,A1,zmrzlinu,ice cream (accusative),,reference_text_only,
6,Get What You Need,A1,rohlík,roll / bread roll,A1,official_A1,
6,Get What You Need,A1,cukr,sugar,A1,official_A1,
6,Get What You Need,A1,sůl,salt,A1,official_A1,
7,My Things and Your Things,A1,svůj,one's own,,reference_text_only,
7,My Things and Your Things,A1,tenhle,this (masculine),A1,official_A1,
7,My Things and Your Things,A1,tahle,this (feminine),,reference_text_only,
7,My Things and Your Things,A1,tohle,this (neuter),A1,official_A1,
7,My Things and Your Things,A1,čí,whose,A1,official_A1,
8,My Family and People I Know,A1,teta,aunt,A1,official_A1,
8,My Family and People I Know,A1,strýc,uncle,A1,official_A1,
8,My Family and People I Know,A1,bratranec,cousin (male),A2,official_A2,yes
8,My Family and People I Know,A1,sestřenice,cousin (female),A2,official_A2,yes
8,My Family and People I Know,A1,vnuk,grandson,,absent,
8,My Family and People I Know,A1,vnučka,granddaughter,,absent,
8,My Family and People I Know,A1,prarodiče,grandparents,,reference_text_only,
8,My Family and People I Know,A1,mladý,young,A1,official_A1,
9,Numbers and Making a Plan,A1,první,first,A1,official_A1,
9,Numbers and Making a Plan,A1,druhý,second,A1,official_A1,
9,Numbers and Making a Plan,A1,třetí,third,A1,official_A1,
9,Numbers and Making a Plan,A1,čtvrtý,fourth,,reference_text_only,
9,Numbers and Making a Plan,A1,pátý,fifth,A1,official_A1,
10,My Day,A1,umývat se,to wash oneself,,absent,
10,My Day,A1,holit se,to shave oneself,A2,official_A2,yes
10,My Day,A1,česat se,to comb one's hair,A1,official_A1,
10,My Day,A1,budík,alarm clock,A2,official_A2,yes
10,My Day,A1,zubní kartáček,toothbrush,,phrase_of_known_words,
10,My Day,A1,ručník,towel,A1,official_A1,
10,My Day,A1,sprcha,shower,A1,official_A1,
11,Order Food and Pay,A1,knedlík,dumpling,A1,official_A1,
11,Order Food and Pay,A1,brambory,potatoes,A1,official_A1,
11,Order Food and Pay,A1,rýže,rice,A1,official_A1,
11,Order Food and Pay,A1,džus,juice,A1,official_A1,
12,Choose and Buy Clothes,A1,kabát,coat,A1,official_A1,
12,Choose and Buy Clothes,A1,tričko,t-shirt,A1,official_A1,
12,Choose and Buy Clothes,A1,sukně,skirt,A1,official_A1,
12,Choose and Buy Clothes,A1,ponožky,socks,A2,official_A2,yes
12,Choose and Buy Clothes,A1,obchod,shop / store,A1,official_A1,
12,Choose and Buy Clothes,A1,supermarket,supermarket,A1,official_A1,
12,Choose and Buy Clothes,A1,trh,market,A1,official_A1,
12,Choose and Buy Clothes,A1,platit,to pay,A1,official_A1,
12,Choose and Buy Clothes,A1,hotovost,cash,,reference_text_only,
12,Choose and Buy Clothes,A1,karta,card,A1,official_A1,
13,Talk About Free Time,A1,sport,sport,A1,official_A1,
13,Talk About Free Time,A1,čtení,reading,,reference_text_only,
13,Talk About Free Time,A1,zahradničení,gardening,,absent,
13,Talk About Free Time,A1,vaření,cooking,,reference_text_only,
13,Talk About Free Time,A1,cestování,traveling,,reference_text_only,
13,Talk About Free Time,A1,divadlo,theater,A1,official_A1,
13,Talk About Free Time,A1,koncert,concert,A1,official_A1,
14,Find Places and Get Around,A1,zastávka,stop / station stop,A1,official_A1,
14,Find Places and Get Around,A1,pošta,post office,A1,official_A1,
14,Find Places and Get Around,A1,banka,bank,A1,official_A1,
14,Find Places and Get Around,A1,nemocnice,hospital,A1,official_A1,
14,Find Places and Get Around,A1,lékárna,pharmacy,A1,official_A1,
14,Find Places and Get Around,A1,park,park,,reference_text_only,
14,Find Places and Get Around,A1,vlak,train,A1,official_A1,
14,Find Places and Get Around,A1,jízdenka,ticket,A1,official_A1,
15,Talk About Weather and Travel,A1,déšť,rain,A1,official_A1,
15,Talk About Weather and Travel,A1,sníh,snow,A1,official_A1,
15,Talk About Weather and Travel,A1,mlha,fog,A2,official_A2,yes
15,Talk About Weather and Travel,A1,oblačno,cloudy,,absent,
15,Talk About Weather and Travel,A1,bouřka,thunderstorm,A2,official_A2,yes
15,Talk About Weather and Travel,A1,teplota,temperature,A1,official_A1,
15,Talk About Weather and Travel,A1,pas,passport,A1,official_A1,
15,Talk About Weather and Travel,A1,kufr,suitcase,A2,official_A2,yes
16,"Shop, Measure and Say Where From",A2,bez,without,A2,official_A2,
16,"Shop, Measure and Say Where From",A2,z,from (gen),A1,official_A1,
16,"Shop, Measure and Say Where From",A2,do,to/into (gen),A1,official_A1,
16,"Shop, Measure and Say Where From",A2,od,from (person),A2,official_A2,
16,"Shop, Measure and Say Where From",A2,u,at/by (gen),,reference_text_only,
16,"Shop, Measure and Say Where From",A2,hodně,a lot / many,A1,official_A1,
16,"Shop, Measure and Say Where From",A2,málo,little / few,A1,official_A1,
16,"Shop, Measure and Say Where From",A2,trochu,a little / a bit,A1,official_A1,
16,"Shop, Measure and Say Where From",A2,kilo,kilogram,A1,official_A1,
16,"Shop, Measure and Say Where From",A2,litr,liter,A1,official_A1,
16,"Shop, Measure and Say Where From",A2,soused,neighbor (masc),A1,official_A1,
16,"Shop, Measure and Say Where From",A2,bratr,brother,A1,official_A1,
16,"Shop, Measure and Say Where From",A2,sestra,sister,A1,official_A1,
16,"Shop, Measure and Say Where From",A2,střed,center / middle,A2,official_A2,
16,"Shop, Measure and Say Where From",A2,konec,end,A1,official_A1,
16,"Shop, Measure and Say Where From",A2,bát se,to be afraid,A1,official_A1,
16,"Shop, Measure and Say Where From",A2,zeptat se,to ask,A2,official_A2,
16,"Shop, Measure and Say Where From",A2,všimnout si,to notice,,absent,
16,"Shop, Measure and Say Where From",A2,dosáhnout,to reach/achieve,,absent,
16,"Shop, Measure and Say Where From",A2,peníze,money,A1,official_A1,
17,"Give, Help and Express Preferences",A2,dávat,to give,A2,official_A2,
17,"Give, Help and Express Preferences",A2,kupovat,to buy,A1,official_A1,
17,"Give, Help and Express Preferences",A2,pomáhat,to help (+ dat),A1,official_A1,
17,"Give, Help and Express Preferences",A2,rozumět,to understand (+ dat),A1,official_A1,
17,"Give, Help and Express Preferences",A2,telefonovat,to telephone (+ dat),A1,official_A1,
17,"Give, Help and Express Preferences",A2,věřit,to believe (+ dat),A2,official_A2,
17,"Give, Help and Express Preferences",A2,líbit se,to like/please (+ dat),A1,official_A1,
17,"Give, Help and Express Preferences",A2,chutnat,to taste (+ dat),A1,official_A1,
17,"Give, Help and Express Preferences",A2,radit,to advise (+ dat),,reference_text_only,
17,"Give, Help and Express Preferences",A2,odpovídat,to answer (+ dat),A1,official_A1,
17,"Give, Help and Express Preferences",A2,kamarád,friend (masc),A1,official_A1,
17,"Give, Help and Express Preferences",A2,kamarádka,friend (fem),A1,official_A1,
17,"Give, Help and Express Preferences",A2,doktor,doctor,,reference_text_only,
17,"Give, Help and Express Preferences",A2,ředitel,director/boss,A1,official_A1,
17,"Give, Help and Express Preferences",A2,studentka,student (fem),A1,official_A1,
17,"Give, Help and Express Preferences",A2,smát se,to laugh,,absent,
17,"Give, Help and Express Preferences",A2,divit se,to be surprised,,absent,
17,"Give, Help and Express Preferences",A2,hodit se,to suit/fit,A2,official_A2,
17,"Give, Help and Express Preferences",A2,zdát se,to seem/dream,,absent,
17,"Give, Help and Express Preferences",A2,patřit,to belong (+ dat),A2,official_A2,
18,"Say Where, With Whom and How",A2,mluvit,to speak/talk,A1,official_A1,
18,"Say Where, With Whom and How",A2,přemýšlet,to think about,,absent,
18,"Say Where, With Whom and How",A2,bydlet,to live/reside,A1,official_A1,
18,"Say Where, With Whom and How",A2,sedět,to sit,A1,official_A1,
18,"Say Where, With Whom and How",A2,ležet,to lie/be situated,A1,official_A1,
18,"Say Where, With Whom and How",A2,jezdit,to travel/ride regularly,A1,official_A1,
18,"Say Where, With Whom and How",A2,cestovat,to travel,A1,official_A1,
18,"Say Where, With Whom and How",A2,psát,to write,A1,official_A1,
18,"Say Where, With Whom and How",A2,platit,to pay,A1,official_A1,
18,"Say Where, With Whom and How",A2,jako,like/as,A1,official_A1,
18,"Say Where, With Whom and How",A2,s,with (+ instr),A2,official_A2,
18,"Say Where, With Whom and How",A2,před,before/in front of,,reference_text_only,
18,"Say Where, With Whom and How",A2,za,behind/for,A2,official_A2,
18,"Say Where, With Whom and How",A2,mezi,between,,reference_text_only,
18,"Say Where, With Whom and How",A2,nad,above,,reference_text_only,
18,"Say Where, With Whom and How",A2,pod,under,,reference_text_only,
18,"Say Where, With Whom and How",A2,nůž,knife,A2,official_A2,
18,"Say Where, With Whom and How",A2,lžíce,spoon,A2,official_A2,
18,"Say Where, With Whom and How",A2,vlak,train,A1,official_A1,
18,"Say Where, With Whom and How",A2,letadlo,airplane,A1,official_A1,
19,Tell What Happened,A2,včera,yesterday,A1,official_A1,
19,Tell What Happened,A2,minulý,last / past,A1,official_A1,
19,Tell What Happened,A2,předevčírem,the day before yesterday,A1,official_A1,
19,Tell What Happened,A2,loni,last year,A2,official_A2,
19,Tell What Happened,A2,kdysi,once / formerly,A2,official_A2,
19,Tell What Happened,A2,už,already,A1,official_A1,
19,Tell What Happened,A2,ještě,yet/still,A1,official_A1,
19,Tell What Happened,A2,nikdy,never,A1,official_A1,
19,Tell What Happened,A2,zažít,to experience,,absent,
19,Tell What Happened,A2,zapomenout,to forget,A2,official_A2,
19,Tell What Happened,A2,setkat se,to meet,,phrase_of_known_words,
19,Tell What Happened,A2,narodit se,to be born,A1,official_A1,
19,Tell What Happened,A2,zemřít,to die,A1,official_A1,
19,Tell What Happened,A2,vyrůst,to grow up,,absent,
19,Tell What Happened,A2,odjet,to depart/leave,A1,official_A1,
20,Make Plans and Ask Politely,A2,zítra,tomorrow,A1,official_A1,
20,Make Plans and Ask Politely,A2,příští,next,A1,official_A1,
20,Make Plans and Ask Politely,A2,brzy,soon,,reference_text_only,
20,Make Plans and Ask Politely,A2,později,later,A2,official_A2,
20,Make Plans and Ask Politely,A2,možná,maybe,A2,official_A2,
20,Make Plans and Ask Politely,A2,určitě,definitely,A2,official_A2,
20,Make Plans and Ask Politely,A2,snad,hopefully,A2,official_A2,
20,Make Plans and Ask Politely,A2,chtěl bych,I would like (masc),,reference_text_only,
20,Make Plans and Ask Politely,A2,měl bych,I should (masc),,reference_text_only,
20,Make Plans and Ask Politely,A2,mohl bych,I could (masc),,phrase_of_known_words,
20,Make Plans and Ask Politely,A2,přát si,to wish,A1,official_A1,
20,Make Plans and Ask Politely,A2,kdyby,if (hypothetical),,reference_text_only,
20,Make Plans and Ask Politely,A2,radši,rather / prefer,,absent,
20,Make Plans and Ask Politely,A2,doufat,to hope,A2,official_A2,
20,Make Plans and Ask Politely,A2,bát se,to be afraid,A1,official_A1,
21,Compare and Choose,A2,než,than,A1,official_A1,
21,Compare and Choose,A2,lepší,better,,reference_text_only,
21,Compare and Choose,A2,horší,worse,,reference_text_only,
21,Compare and Choose,A2,větší,bigger,A2,official_A2,
21,Compare and Choose,A2,menší,smaller,A2,official_A2,
21,Compare and Choose,A2,nejlepší,best,A1,official_A1,
21,Compare and Choose,A2,nejhorší,worst,,reference_text_only,
21,Compare and Choose,A2,stejný,same,A1,official_A1,
21,Compare and Choose,A2,jiný,different,A1,official_A1,
21,Compare and Choose,A2,rozdíl,difference,A2,official_A2,
21,Compare and Choose,A2,srovnat,to compare,,reference_text_only,
21,Compare and Choose,A2,rychle,quickly,A1,official_A1,
21,Compare and Choose,A2,pomalu,slowly,A1,official_A1,
21,Compare and Choose,A2,stejně,equally / anyway,A2,official_A2,
21,Compare and Choose,A2,alespoň,at least,A2,official_A2,
22,Explain Reasons and Connect Ideas,A2,protože,because,A1,official_A1,
22,Explain Reasons and Connect Ideas,A2,když,when,A2,official_A2,
22,Explain Reasons and Connect Ideas,A2,jestli,if / whether,A2,official_A2,
22,Explain Reasons and Connect Ideas,A2,aby,so that / in order to,A2,official_A2,
22,Explain Reasons and Connect Ideas,A2,ačkoli,although,,reference_text_only,
22,Explain Reasons and Connect Ideas,A2,proto,therefore,,reference_text_only,
22,Explain Reasons and Connect Ideas,A2,přesto,nevertheless,,reference_text_only,
22,Explain Reasons and Connect Ideas,A2,dokonce,even,,reference_text_only,
22,Explain Reasons and Connect Ideas,A2,hlavně,mainly / especially,,reference_text_only,
22,Explain Reasons and Connect Ideas,A2,tedy,so / therefore,,reference_text_only,
22,Explain Reasons and Connect Ideas,A2,přitom,at the same time / yet,,reference_text_only,
22,Explain Reasons and Connect Ideas,A2,vysvětlit,to explain,A1,official_A1,
22,Explain Reasons and Connect Ideas,A2,tvrdit,to claim,,reference_text_only,
22,Explain Reasons and Connect Ideas,A2,požádat,to request/ask for,A2,official_A2,
22,Explain Reasons and Connect Ideas,A2,rozhodnout se,to decide,,absent,
16,"Shop, Measure and Say Where From",A2,matka,mother,A1,official_A1,
16,"Shop, Measure and Say Where From",A2,otec,father,A1,official_A1,
16,"Shop, Measure and Say Where From",A2,učitel,teacher (masc),A1,official_A1,
16,"Shop, Measure and Say Where From",A2,student,student (masc),A1,official_A1,
16,"Shop, Measure and Say Where From",A2,několik,several / a few,A1,official_A1,
16,"Shop, Measure and Say Where From",A2,dost,enough / quite a lot,A2,official_A2,
16,"Shop, Measure and Say Where From",A2,spousta,a lot / plenty,A2,official_A2,
16,"Shop, Measure and Say Where From",A2,ze,"from (gen, before voiced)",,reference_text_only,
16,"Shop, Measure and Say Where From",A2,kromě,except / besides,,reference_text_only,
16,"Shop, Measure and Say Where From",A2,kousek,piece / bit,A2,official_A2,
16,"Shop, Measure and Say Where From",A2,sklenice,glass,A2,official_A2,
16,"Shop, Measure and Say Where From",A2,šálek,cup,A2,official_A2,
16,"Shop, Measure and Say Where From",A2,balík,package / parcel,A1,official_A1,
16,"Shop, Measure and Say Where From",A2,láhev,bottle,A2,official_A2,
16,"Shop, Measure and Say Where From",A2,dům,house / building,A1,official_A1,
16,"Shop, Measure and Say Where From",A2,škola,school,A1,official_A1,
16,"Shop, Measure and Say Where From",A2,práce,work / job,A1,official_A1,
16,"Shop, Measure and Say Where From",A2,dveře,door,A1,official_A1,
16,"Shop, Measure and Say Where From",A2,okno,window,A1,official_A1,
16,"Shop, Measure and Say Where From",A2,ulice,street,A1,official_A1,
16,"Shop, Measure and Say Where From",A2,jízdenka,ticket,A1,official_A1,
16,"Shop, Measure and Say Where From",A2,mapa,map,A1,official_A1,
16,"Shop, Measure and Say Where From",A2,fotka,photo,,reference_text_only,
16,"Shop, Measure and Say Where From",A2,stůl,table,A1,official_A1,
16,"Shop, Measure and Say Where From",A2,židle,chair,A1,official_A1,
16,"Shop, Measure and Say Where From",A2,postel,bed,A1,official_A1,
16,"Shop, Measure and Say Where From",A2,dárek,gift / present,A1,official_A1,
16,"Shop, Measure and Say Where From",A2,svátek,nameday / holiday,A1,official_A1,
16,"Shop, Measure and Say Where From",A2,narozeniny,birthday,,reference_text_only,
16,"Shop, Measure and Say Where From",A2,sešit,notebook,A1,official_A1,
17,"Give, Help and Express Preferences",A2,babička,grandmother,A1,official_A1,
17,"Give, Help and Express Preferences",A2,lékař,doctor (physician),A1,official_A1,
17,"Give, Help and Express Preferences",A2,syn,son,A1,official_A1,
17,"Give, Help and Express Preferences",A2,dcera,daughter,A1,official_A1,
17,"Give, Help and Express Preferences",A2,manžel,husband,A1,official_A1,
17,"Give, Help and Express Preferences",A2,manželka,wife,A1,official_A1,
17,"Give, Help and Express Preferences",A2,strýc,uncle,A1,official_A1,
17,"Give, Help and Express Preferences",A2,teta,aunt,A1,official_A1,
17,"Give, Help and Express Preferences",A2,rodič,parent,A1,official_A1,
17,"Give, Help and Express Preferences",A2,dítě,child,A1,official_A1,
17,"Give, Help and Express Preferences",A2,kolega,colleague,,reference_text_only,
17,"Give, Help and Express Preferences",A2,klient,client,,reference_text_only,
17,"Give, Help and Express Preferences",A2,děkovat,to thank (+dat),A1,official_A1,
17,"Give, Help and Express Preferences",A2,říct,to tell / say (+dat),A1,official_A1,
17,"Give, Help and Express Preferences",A2,gratulovat,to congratulate (+dat),A2,official_A2,
17,"Give, Help and Express Preferences",A2,posílat,to send (+dat),A2,official_A2,
17,"Give, Help and Express Preferences",A2,ukazovat,to show (+dat),A2,official_A2,
17,"Give, Help and Express Preferences",A2,slibovat,to promise (+dat),,absent,
17,"Give, Help and Express Preferences",A2,naslouchat,to listen to (+dat),,absent,
17,"Give, Help and Express Preferences",A2,sloužit,to serve (+dat),,reference_text_only,
17,"Give, Help and Express Preferences",A2,škodit,to harm (+dat),,reference_text_only,
17,"Give, Help and Express Preferences",A2,k,to / towards (+dat),A2,official_A2,
17,"Give, Help and Express Preferences",A2,ke,"to / towards (+dat, variant)",,reference_text_only,
17,"Give, Help and Express Preferences",A2,proti,against (+dat),A2,official_A2,
17,"Give, Help and Express Preferences",A2,díky,thanks to (+dat),,reference_text_only,
17,"Give, Help and Express Preferences",A2,Je mi zima,I am cold,,phrase_of_known_words,
17,"Give, Help and Express Preferences",A2,Je mi líto,I am sorry,,reference_text_only,
17,"Give, Help and Express Preferences",A2,Je mi teplo,I am warm,,phrase_of_known_words,
17,"Give, Help and Express Preferences",A2,Je mi špatně,I feel sick,,reference_text_only,
17,"Give, Help and Express Preferences",A2,Libí se mi,I like it,,phrase_of_known_words,
18,"Say Where, With Whom and How",A2,pero,pen (fountain),,reference_text_only,
18,"Say Where, With Whom and How",A2,vidlička,fork,A2,official_A2,
18,"Say Where, With Whom and How",A2,počítač,computer,A1,official_A1,
18,"Say Where, With Whom and How",A2,telefon,phone,A1,official_A1,
18,"Say Where, With Whom and How",A2,auto,car,A1,official_A1,
18,"Say Where, With Whom and How",A2,přítelkyně,girlfriend,A1,official_A1,
18,"Say Where, With Whom and How",A2,rodina,family,A1,official_A1,
18,"Say Where, With Whom and How",A2,obchod,shop / store,A1,official_A1,
18,"Say Where, With Whom and How",A2,pošta,post office,A1,official_A1,
18,"Say Where, With Whom and How",A2,Praha,Prague,,reference_text_only,
18,"Say Where, With Whom and How",A2,prázdniny,holidays / vacation,A1,official_A1,
18,"Say Where, With Whom and How",A2,kuchyně,kitchen,A1,official_A1,
18,"Say Where, With Whom and How",A2,ložnice,bedroom,A2,official_A2,
18,"Say Where, With Whom and How",A2,obývák,living room,A2,official_A2,
18,"Say Where, With Whom and How",A2,koupelna,bathroom,A1,official_A1,
18,"Say Where, With Whom and How",A2,park,park,,reference_text_only,
18,"Say Where, With Whom and How",A2,les,forest,A1,official_A1,
18,"Say Where, With Whom and How",A2,hora,mountain,A1,official_A1,
18,"Say Where, With Whom and How",A2,moře,sea,A1,official_A1,
18,"Say Where, With Whom and How",A2,restaurace,restaurant,A1,official_A1,
18,"Say Where, With Whom and How",A2,kavárna,cafe,,reference_text_only,
18,"Say Where, With Whom and How",A2,muzeum,museum,A1,official_A1,
18,"Say Where, With Whom and How",A2,divadlo,theatre,A1,official_A1,
18,"Say Where, With Whom and How",A2,kostel,church,A1,official_A1,
18,"Say Where, With Whom and How",A2,most,bridge,A1,official_A1,
18,"Say Where, With Whom and How",A2,náměstí,square,A1,official_A1,
18,"Say Where, With Whom and How",A2,nástupiště,platform,A1,official_A1,
18,"Say Where, With Whom and How",A2,o,about (+loc),A2,official_A2,
18,"Say Where, With Whom and How",A2,jsem učitelem,I am a teacher (instr),,phrase_of_known_words,
18,"Say Where, With Whom and How",A2,je lékařem,he is a doctor (instr),,reference_text_only,
19,Tell What Happened,A2,víkend,weekend,A1,official_A1,
19,Tell What Happened,A2,léto,summer,A1,official_A1,
19,Tell What Happened,A2,zima,winter,A1,official_A1,
19,Tell What Happened,A2,podzim,autumn,A1,official_A1,
19,Tell What Happened,A2,jaro,spring,A1,official_A1,
19,Tell What Happened,A2,dělat,to do / make,A2,official_A2,
19,Tell What Happened,A2,číst,to read,A1,official_A1,
19,Tell What Happened,A2,vařit,to cook,A1,official_A1,
19,Tell What Happened,A2,vidět,to see,A1,official_A1,
19,Tell What Happened,A2,slyšet,to hear,A1,official_A1,
19,Tell What Happened,A2,jít,to go (on foot),A1,official_A1,
19,Tell What Happened,A2,jet,to go (by transport),A1,official_A1,
19,Tell What Happened,A2,být,to be,A1,official_A1,
19,Tell What Happened,A2,mít,to have,A1,official_A1,
19,Tell What Happened,A2,chtít,to want,A1,official_A1,
19,Tell What Happened,A2,muset,to must / have to,A1,official_A1,
19,Tell What Happened,A2,moct,to be able / can,A1,official_A1,
19,Tell What Happened,A2,vědět,to know,A1,official_A1,
19,Tell What Happened,A2,najít,to find,A2,official_A2,
19,Tell What Happened,A2,koupit,to buy (perf),A1,official_A1,
19,Tell What Happened,A2,prodat,to sell (perf),A1,official_A1,
19,Tell What Happened,A2,hrát,to play,A1,official_A1,
19,Tell What Happened,A2,zpívat,to sing,A1,official_A1,
19,Tell What Happened,A2,tančit,to dance,,absent,
19,Tell What Happened,A2,stát se,to happen,A2,official_A2,
19,Tell What Happened,A2,nejdřív,first / at first,,reference_text_only,
19,Tell What Happened,A2,pak,then,A1,official_A1,
19,Tell What Happened,A2,potom,afterwards / then,A1,official_A1,
19,Tell What Happened,A2,nakonec,finally / in the end,A1,official_A1,
19,Tell What Happened,A2,začít,to begin (perf),A2,official_A2,
19,Tell What Happened,A2,skončit,to finish / end (perf),A2,official_A2,
19,Tell What Happened,A2,přijít,to arrive / come (perf),A1,official_A1,
19,Tell What Happened,A2,odejít,to leave / depart (perf),A1,official_A1,
19,Tell What Happened,A2,pomoct,to help (perf),A1,official_A1,
19,Tell What Happened,A2,dát,to give (perf),A1,official_A1,
20,Make Plans and Ask Politely,A2,pozítří,the day after tomorrow,A2,official_A2,
20,Make Plans and Ask Politely,A2,týden,week,A1,official_A1,
20,Make Plans and Ask Politely,A2,měsíc,month,A1,official_A1,
20,Make Plans and Ask Politely,A2,budoucnost,future,A2,official_A2,
20,Make Plans and Ask Politely,A2,budu dělat,I will do,,reference_text_only,
20,Make Plans and Ask Politely,A2,budu číst,I will read,,phrase_of_known_words,
20,Make Plans and Ask Politely,A2,budu psát,I will write,,phrase_of_known_words,
20,Make Plans and Ask Politely,A2,budu cestovat,I will travel,,phrase_of_known_words,
20,Make Plans and Ask Politely,A2,napsat,to write (perf),A1,official_A1,
20,Make Plans and Ask Politely,A2,dodělat,to finish doing (perf),,absent,
20,Make Plans and Ask Politely,A2,udělat,to do / make (perf),A1,official_A1,
20,Make Plans and Ask Politely,A2,zůstat,to stay,A2,official_A2,
20,Make Plans and Ask Politely,A2,vrátit se,to return (perf),A1,official_A1,
20,Make Plans and Ask Politely,A2,stěhovat se,to move (residence),,phrase_of_known_words,
20,Make Plans and Ask Politely,A2,plánovat,to plan,,reference_text_only,
20,Make Plans and Ask Politely,A2,připravit,to prepare (perf),A2,official_A2,
20,Make Plans and Ask Politely,A2,změnit,to change (perf),A1,official_A1,
20,Make Plans and Ask Politely,A2,získat,to obtain / get (perf),,reference_text_only,
20,Make Plans and Ask Politely,A2,ztratit,to lose (perf),A1,official_A1,
20,Make Plans and Ask Politely,A2,splnit,to fulfill (perf),,reference_text_only,
20,Make Plans and Ask Politely,A2,začínat,to begin (imperf),A1,official_A1,
20,Make Plans and Ask Politely,A2,končit,to end / finish (imperf),A1,official_A1,
20,Make Plans and Ask Politely,A2,bych,I would,,reference_text_only,
20,Make Plans and Ask Politely,A2,bys,you would,,reference_text_only,
20,Make Plans and Ask Politely,A2,by,he/she/it would,,reference_text_only,
20,Make Plans and Ask Politely,A2,bychom,we would,,reference_text_only,
20,Make Plans and Ask Politely,A2,byste,you would (pl),,reference_text_only,
20,Make Plans and Ask Politely,A2,Kdybych měl,If I had (masc),,phrase_of_known_words,
20,Make Plans and Ask Politely,A2,Kdybych věděl,If I knew (masc),,phrase_of_known_words,
20,Make Plans and Ask Politely,A2,v budoucnu,in the future,,reference_text_only,
21,Compare and Choose,A2,levnější,cheaper,,reference_text_only,
21,Compare and Choose,A2,dražší,more expensive,,absent,
21,Compare and Choose,A2,hezčí,nicer / prettier,,absent,
21,Compare and Choose,A2,starší,older,A1,official_A1,
21,Compare and Choose,A2,mladší,younger,A1,official_A1,
21,Compare and Choose,A2,delší,longer,,reference_text_only,
21,Compare and Choose,A2,krásnější,more beautiful,,absent,
21,Compare and Choose,A2,největší,biggest,,reference_text_only,
21,Compare and Choose,A2,nejkrásnější,most beautiful,,absent,
21,Compare and Choose,A2,nejdražší,most expensive,,absent,
21,Compare and Choose,A2,lépe,better (adverb),,reference_text_only,
21,Compare and Choose,A2,rychleji,faster (adverb),,reference_text_only,
21,Compare and Choose,A2,častěji,more often,,absent,
21,Compare and Choose,A2,méně,less,,reference_text_only,
21,Compare and Choose,A2,vyšší,higher / taller,,reference_text_only,
21,Compare and Choose,A2,nižší,lower,,reference_text_only,
21,Compare and Choose,A2,širší,wider,,reference_text_only,
21,Compare and Choose,A2,hlubší,deeper,,reference_text_only,
21,Compare and Choose,A2,silnější,stronger,,absent,
21,Compare and Choose,A2,těžší,harder / heavier,,absent,
21,Compare and Choose,A2,snadnější,easier,,absent,
21,Compare and Choose,A2,zajímavější,more interesting,,absent,
21,Compare and Choose,A2,důležitější,more important,,absent,
21,Compare and Choose,A2,nejrychlejší,fastest,,absent,
21,Compare and Choose,A2,nejméně,least,,absent,
23,Understand Rules and Ask Permission,A2,muset,must / have to,A1,official_A1,
23,Understand Rules and Ask Permission,A2,moct,can / be able to,A1,official_A1,
23,Understand Rules and Ask Permission,A2,smět,may / be allowed to,A1,official_A1,
23,Understand Rules and Ask Permission,A2,chtít,to want,A1,official_A1,
23,Understand Rules and Ask Permission,A2,musím,I must / I have to,,reference_text_only,
23,Understand Rules and Ask Permission,A2,můžeš,you can,A1,official_A1,
23,Understand Rules and Ask Permission,A2,smí,he/she may,,reference_text_only,
23,Understand Rules and Ask Permission,A2,chceme,we want,,reference_text_only,
23,Understand Rules and Ask Permission,A2,musíte,you (plural) must,,reference_text_only,
23,Understand Rules and Ask Permission,A2,mohou,they can,,reference_text_only,
23,Understand Rules and Ask Permission,A2,Můžu?,May I? / Can I?,,reference_text_only,
23,Understand Rules and Ask Permission,A2,Smím?,May I? (asking permission),,reference_text_only,
23,Understand Rules and Ask Permission,A2,Je dovoleno?,Is it allowed?,,phrase_of_known_words,
23,Understand Rules and Ask Permission,A2,Je zakázáno?,Is it forbidden?,A2,official_A2,
23,Understand Rules and Ask Permission,A2,Je nutné,it is necessary,,reference_text_only,
23,Understand Rules and Ask Permission,A2,Je povinné,it is mandatory,,phrase_of_known_words,
23,Understand Rules and Ask Permission,A2,Potřebuji,I need,,reference_text_only,
23,Understand Rules and Ask Permission,A2,Nesmíš,you must not,,reference_text_only,
23,Understand Rules and Ask Permission,A2,povolení,permission,A1,official_A1,
23,Understand Rules and Ask Permission,A2,zákaz,prohibition / ban,A1,official_A1,
23,Understand Rules and Ask Permission,A2,pravidlo,rule,,reference_text_only,
23,Understand Rules and Ask Permission,A2,povinnost,obligation / duty,,reference_text_only,
23,Understand Rules and Ask Permission,A2,možnost,possibility,,reference_text_only,
23,Understand Rules and Ask Permission,A2,musím jít,I must go,,phrase_of_known_words,
23,Understand Rules and Ask Permission,A2,můžu přijít,I can come,,reference_text_only,
23,Understand Rules and Ask Permission,A2,smím vstoupit,may I enter,,phrase_of_known_words,
23,Understand Rules and Ask Permission,A2,chci se učit,I want to learn,,phrase_of_known_words,
23,Understand Rules and Ask Permission,A2,dovoleno,allowed / permitted,,reference_text_only,
23,Understand Rules and Ask Permission,A2,zakázáno,forbidden / prohibited,,reference_text_only,
23,Understand Rules and Ask Permission,A2,nutný,necessary,,reference_text_only,
23,Understand Rules and Ask Permission,A2,povinný,mandatory / obligatory,,reference_text_only,
23,Understand Rules and Ask Permission,A2,možný,possible,A2,official_A2,
23,Understand Rules and Ask Permission,A2,smíš,you may (informal),,reference_text_only,
23,Understand Rules and Ask Permission,A2,chceš,you want (informal),,reference_text_only,
23,Understand Rules and Ask Permission,A2,musíme,we must,,reference_text_only,
23,Understand Rules and Ask Permission,A2,může,he/she can,,reference_text_only,
23,Understand Rules and Ask Permission,A2,chtějí,they want,,reference_text_only,
23,Understand Rules and Ask Permission,A2,zakazovat,to forbid / prohibit,,absent,
23,Understand Rules and Ask Permission,A2,dovolit,to allow / permit,A2,official_A2,
23,Understand Rules and Ask Permission,A2,potřebovat,to need,A1,official_A1,
24,Handle a Doctor and Pharmacy Visit,A2,hlava,head,A1,official_A1,
24,Handle a Doctor and Pharmacy Visit,A2,ruka,hand / arm,A1,official_A1,
24,Handle a Doctor and Pharmacy Visit,A2,noha,leg / foot,,reference_text_only,
24,Handle a Doctor and Pharmacy Visit,A2,oko,eye,A1,official_A1,
24,Handle a Doctor and Pharmacy Visit,A2,ucho,ear,A1,official_A1,
24,Handle a Doctor and Pharmacy Visit,A2,ústa,mouth,A2,official_A2,
24,Handle a Doctor and Pharmacy Visit,A2,nos,nose,A1,official_A1,
24,Handle a Doctor and Pharmacy Visit,A2,zub,tooth,A1,official_A1,
24,Handle a Doctor and Pharmacy Visit,A2,záda,back,A1,official_A1,
24,Handle a Doctor and Pharmacy Visit,A2,břicho,stomach / belly,A1,official_A1,
24,Handle a Doctor and Pharmacy Visit,A2,srdce,heart,A1,official_A1,
24,Handle a Doctor and Pharmacy Visit,A2,krk,neck / throat,A1,official_A1,
24,Handle a Doctor and Pharmacy Visit,A2,prst,finger / toe,A1,official_A1,
24,Handle a Doctor and Pharmacy Visit,A2,palec,thumb,,absent,
24,Handle a Doctor and Pharmacy Visit,A2,lékař,doctor,A1,official_A1,
24,Handle a Doctor and Pharmacy Visit,A2,nemoc,illness / disease,A1,official_A1,
24,Handle a Doctor and Pharmacy Visit,A2,lék,medicine / drug,A1,official_A1,
24,Handle a Doctor and Pharmacy Visit,A2,nemocnice,hospital,A1,official_A1,
24,Handle a Doctor and Pharmacy Visit,A2,bolet,to hurt / to ache,A1,official_A1,
24,Handle a Doctor and Pharmacy Visit,A2,teplota,temperature / fever,A1,official_A1,
24,Handle a Doctor and Pharmacy Visit,A2,nachlazení,cold / chill,,absent,
24,Handle a Doctor and Pharmacy Visit,A2,kašel,cough,A1,official_A1,
24,Handle a Doctor and Pharmacy Visit,A2,rýma,runny nose / cold,A1,official_A1,
24,Handle a Doctor and Pharmacy Visit,A2,horečka,fever,A2,official_A2,
24,Handle a Doctor and Pharmacy Visit,A2,infekce,infection,,absent,
24,Handle a Doctor and Pharmacy Visit,A2,recept,prescription,A1,official_A1,
24,Handle a Doctor and Pharmacy Visit,A2,předepsat,to prescribe,A2,official_A2,
24,Handle a Doctor and Pharmacy Visit,A2,vyšetření,examination / check-up,A2,official_A2,
24,Handle a Doctor and Pharmacy Visit,A2,injekce,injection / shot,A1,official_A1,
24,Handle a Doctor and Pharmacy Visit,A2,obvaz,bandage / dressing,,absent,
24,Handle a Doctor and Pharmacy Visit,A2,tableta,tablet / pill,A2,official_A2,
24,Handle a Doctor and Pharmacy Visit,A2,sirup,syrup,,absent,
24,Handle a Doctor and Pharmacy Visit,A2,cítit se,to feel (oneself),,reference_text_only,
24,Handle a Doctor and Pharmacy Visit,A2,zvracet,to vomit / throw up,A1,official_A1,
24,Handle a Doctor and Pharmacy Visit,A2,kašlat,to cough,A1,official_A1,
24,Handle a Doctor and Pharmacy Visit,A2,kýchat,to sneeze,,absent,
24,Handle a Doctor and Pharmacy Visit,A2,Jdu k lékaři,I am going to the doctor,,reference_text_only,
24,Handle a Doctor and Pharmacy Visit,A2,Bolí mě hlava,My head hurts,,reference_text_only,
24,Handle a Doctor and Pharmacy Visit,A2,Mám teplotu,I have a fever,,reference_text_only,
24,Handle a Doctor and Pharmacy Visit,A2,Potřebuji recept,I need a prescription,,phrase_of_known_words,
24,Handle a Doctor and Pharmacy Visit,A2,lékárna,pharmacy,A1,official_A1,
24,Handle a Doctor and Pharmacy Visit,A2,kapky,drops,A2,official_A2,
24,Handle a Doctor and Pharmacy Visit,A2,vitamíny,vitamins,,absent,
24,Handle a Doctor and Pharmacy Visit,A2,záchytka,emergency station / detox,,absent,
24,Handle a Doctor and Pharmacy Visit,A2,ambulance,ambulance,A2,official_A2,
24,Handle a Doctor and Pharmacy Visit,A2,zavolat lékaře,to call a doctor,,phrase_of_known_words,
24,Handle a Doctor and Pharmacy Visit,A2,zdravý,healthy,A1,official_A1,
24,Handle a Doctor and Pharmacy Visit,A2,nemocný,sick / ill,A1,official_A1,
24,Handle a Doctor and Pharmacy Visit,A2,zranění,injury,,reference_text_only,
24,Handle a Doctor and Pharmacy Visit,A2,alergie,allergy,A2,official_A2,
25,Describe Work and Education,A2,učitel,teacher,A1,official_A1,
25,Describe Work and Education,A2,inženýr,engineer,,reference_text_only,
25,Describe Work and Education,A2,lékař,doctor (profession),A1,official_A1,
25,Describe Work and Education,A2,právník,lawyer,A1,official_A1,
25,Describe Work and Education,A2,programátor,programmer,,absent,
25,Describe Work and Education,A2,kuchař,cook / chef,A1,official_A1,
25,Describe Work and Education,A2,řidič,driver,A1,official_A1,
25,Describe Work and Education,A2,prodavač,shop assistant / salesman,A1,official_A1,
25,Describe Work and Education,A2,účetní,accountant,A2,official_A2,
25,Describe Work and Education,A2,sekretář,secretary,,reference_text_only,
25,Describe Work and Education,A2,firma,company / firm,A1,official_A1,
25,Describe Work and Education,A2,kancelář,office,A1,official_A1,
25,Describe Work and Education,A2,továrna,factory,A1,official_A1,
25,Describe Work and Education,A2,obchod,shop / store,A1,official_A1,
25,Describe Work and Education,A2,restaurace,restaurant,A1,official_A1,
25,Describe Work and Education,A2,nemocnice,hospital (workplace),A1,official_A1,
25,Describe Work and Education,A2,škola,school,A1,official_A1,
25,Describe Work and Education,A2,zaměstnanec,employee,A1,official_A1,
25,Describe Work and Education,A2,zaměstnavatel,employer,A1,official_A1,
25,Describe Work and Education,A2,plat,salary,A1,official_A1,
25,Describe Work and Education,A2,mzda,wage,A1,official_A1,
25,Describe Work and Education,A2,smlouva,contract,A1,official_A1,
25,Describe Work and Education,A2,úvazek,workload / commitment,A2,official_A2,
25,Describe Work and Education,A2,univerzita,university,A1,official_A1,
25,Describe Work and Education,A2,fakulta,faculty / school (of university),A1,official_A1,
25,Describe Work and Education,A2,student,student,A1,official_A1,
25,Describe Work and Education,A2,zkouška,exam / test,A1,official_A1,
25,Describe Work and Education,A2,předmět,subject / course,A2,official_A2,
25,Describe Work and Education,A2,učit se,to learn / study,A1,official_A1,
25,Describe Work and Education,A2,studovat,to study (at university),A1,official_A1,
25,Describe Work and Education,A2,ročník,grade / year (of study),A1,official_A1,
25,Describe Work and Education,A2,bakalář,bachelor (degree),,reference_text_only,
25,Describe Work and Education,A2,magistr,master (degree),,reference_text_only,
25,Describe Work and Education,A2,doktor,doctor (degree) / PhD,,reference_text_only,
25,Describe Work and Education,A2,profesor,professor,A1,official_A1,
25,Describe Work and Education,A2,pracovat,to work,A1,official_A1,
25,Describe Work and Education,A2,vyřizovat,to handle / deal with,,reference_text_only,
25,Describe Work and Education,A2,organizovat,to organize,,reference_text_only,
25,Describe Work and Education,A2,řídit,to manage / drive,A1,official_A1,
25,Describe Work and Education,A2,plánovat,to plan,,reference_text_only,
25,Describe Work and Education,A2,schůzka,meeting / appointment,,reference_text_only,
25,Describe Work and Education,A2,porada,meeting / conference,,reference_text_only,
25,Describe Work and Education,A2,hledat práci,to look for a job,,phrase_of_known_words,
25,Describe Work and Education,A2,životopis,resume / CV,A2,official_A2,
25,Describe Work and Education,A2,pohovor,interview (job),,reference_text_only,
25,Describe Work and Education,A2,nabídnout místo,to offer a position,,phrase_of_known_words,
25,Describe Work and Education,A2,dojíždět,to commute,,absent,
25,Describe Work and Education,A2,zaměstnání,employment / job,A1,official_A1,
25,Describe Work and Education,A2,kariéra,career,,reference_text_only,
25,Describe Work and Education,A2,zkušenost,experience,,reference_text_only,
26,Find a Home and Report a Problem,A2,byt,apartment / flat,A1,official_A1,
26,Find a Home and Report a Problem,A2,dům,house,A1,official_A1,
26,Find a Home and Report a Problem,A2,chata,cottage / cabin,A1,official_A1,
26,Find a Home and Report a Problem,A2,garsonka,studio apartment,A2,official_A2,
26,Find a Home and Report a Problem,A2,studio,studio (apartment),A2,official_A2,
26,Find a Home and Report a Problem,A2,obývací pokoj,living room,A2,official_A2,
26,Find a Home and Report a Problem,A2,kuchyně,kitchen,A1,official_A1,
26,Find a Home and Report a Problem,A2,ložnice,bedroom,A2,official_A2,
26,Find a Home and Report a Problem,A2,koupelna,bathroom,A1,official_A1,
26,Find a Home and Report a Problem,A2,dětský pokoj,children's room,A2,official_A2,
26,Find a Home and Report a Problem,A2,pracovna,study / office room,,reference_text_only,
26,Find a Home and Report a Problem,A2,předsíň,hallway / entryway,A2,official_A2,
26,Find a Home and Report a Problem,A2,stůl,table,A1,official_A1,
26,Find a Home and Report a Problem,A2,židle,chair,A1,official_A1,
26,Find a Home and Report a Problem,A2,postel,bed,A1,official_A1,
26,Find a Home and Report a Problem,A2,pohovka,sofa / couch,,reference_text_only,
26,Find a Home and Report a Problem,A2,skříň,wardrobe / closet,A1,official_A1,
26,Find a Home and Report a Problem,A2,police,shelf,,reference_text_only,
26,Find a Home and Report a Problem,A2,regál,bookshelf / shelving unit,,absent,
26,Find a Home and Report a Problem,A2,komoda,chest of drawers,,absent,
26,Find a Home and Report a Problem,A2,lednice,refrigerator / fridge,,reference_text_only,
26,Find a Home and Report a Problem,A2,sporák,stove / cooker,A1,official_A1,
26,Find a Home and Report a Problem,A2,pračka,washing machine,A1,official_A1,
26,Find a Home and Report a Problem,A2,televize,television / TV,A1,official_A1,
26,Find a Home and Report a Problem,A2,mikrovlnka,microwave,A2,official_A2,
26,Find a Home and Report a Problem,A2,nájem,rent (payment),,reference_text_only,
26,Find a Home and Report a Problem,A2,pronajmout,to rent out,A2,official_A2,
26,Find a Home and Report a Problem,A2,koupit,to buy,A1,official_A1,
26,Find a Home and Report a Problem,A2,nájemník,tenant,A1,official_A1,
26,Find a Home and Report a Problem,A2,majitel,owner,A2,official_A2,
26,Find a Home and Report a Problem,A2,hypotéka,mortgage,,absent,
26,Find a Home and Report a Problem,A2,elektřina,electricity,A1,official_A1,
26,Find a Home and Report a Problem,A2,voda,water,A1,official_A1,
26,Find a Home and Report a Problem,A2,plyn,gas,A1,official_A1,
26,Find a Home and Report a Problem,A2,topení,heating,A1,official_A1,
26,Find a Home and Report a Problem,A2,internet,internet,A2,official_A2,
26,Find a Home and Report a Problem,A2,ulice,street,A1,official_A1,
26,Find a Home and Report a Problem,A2,číslo,number,A1,official_A1,
26,Find a Home and Report a Problem,A2,město,city / town,A1,official_A1,
26,Find a Home and Report a Problem,A2,patro,floor / story,A2,official_A2,
27,Navigate and Describe a Journey,A2,jít,to go (on foot),A1,official_A1,
27,Navigate and Describe a Journey,A2,jet,to go (by transport),A1,official_A1,
27,Navigate and Describe a Journey,A2,běžet,to run,A2,official_A2,
27,Navigate and Describe a Journey,A2,letět,to fly,A1,official_A1,
27,Navigate and Describe a Journey,A2,plavat,to swim,A1,official_A1,
27,Navigate and Describe a Journey,A2,lézt,to crawl / climb,A2,official_A2,
27,Navigate and Describe a Journey,A2,skákat,to jump,,absent,
27,Navigate and Describe a Journey,A2,přijít,to arrive / come (on foot),A1,official_A1,
27,Navigate and Describe a Journey,A2,odejít,to leave / depart,A1,official_A1,
27,Navigate and Describe a Journey,A2,vyjít,to go out / exit,A2,official_A2,
27,Navigate and Describe a Journey,A2,dojít,to reach / arrive (on foot),,absent,
27,Navigate and Describe a Journey,A2,projít,to walk through / pass,A2,official_A2,
27,Navigate and Describe a Journey,A2,vracet se,to return (imperfective),A1,official_A1,
27,Navigate and Describe a Journey,A2,vrátit se,to return (perfective),A1,official_A1,
27,Navigate and Describe a Journey,A2,jezdit,to go repeatedly (by transport),A1,official_A1,
27,Navigate and Describe a Journey,A2,létat,to fly (repeatedly),A2,official_A2,
27,Navigate and Describe a Journey,A2,chodit,to go repeatedly (on foot),A1,official_A1,
27,Navigate and Describe a Journey,A2,kam,where (to),A1,official_A1,
27,Navigate and Describe a Journey,A2,odkud,from where,A1,official_A1,
27,Navigate and Describe a Journey,A2,tudy,this way / through here,A2,official_A2,
27,Navigate and Describe a Journey,A2,tam,there,A1,official_A1,
27,Navigate and Describe a Journey,A2,sem,here / hither,A1,official_A1,
27,Navigate and Describe a Journey,A2,ven,out / outside,A2,official_A2,
27,Navigate and Describe a Journey,A2,dovnitř,inside / inward,A2,official_A2,
27,Navigate and Describe a Journey,A2,nahoru,up / upward,A1,official_A1,
27,Navigate and Describe a Journey,A2,dolů,down / downward,A1,official_A1,
27,Navigate and Describe a Journey,A2,udělat,to do / make (perfective),A1,official_A1,
27,Navigate and Describe a Journey,A2,napsat,to write (perfective),A1,official_A1,
27,Navigate and Describe a Journey,A2,přečíst,to read (perfective),A2,official_A2,
27,Navigate and Describe a Journey,A2,uvařit,to cook (perfective),A2,official_A2,
27,Navigate and Describe a Journey,A2,kupovat,to buy (imperfective),A1,official_A1,
27,Navigate and Describe a Journey,A2,přijet,to arrive (by transport),A1,official_A1,
27,Navigate and Describe a Journey,A2,odejít domů,to go home,,phrase_of_known_words,
27,Navigate and Describe a Journey,A2,vrátit se do práce,to return to work,,phrase_of_known_words,
27,Navigate and Describe a Journey,A2,vyjít ven,to go outside,,reference_text_only,
27,Navigate and Describe a Journey,A2,dojít do obchodu,to reach the shop,,absent,
27,Navigate and Describe a Journey,A2,projít parkem,to walk through the park,,phrase_of_known_words,
27,Navigate and Describe a Journey,A2,předložka,prefix / preposition,,reference_text_only,
27,Navigate and Describe a Journey,A2,předpona u-,prefix u-,,phrase_of_known_words,
27,Navigate and Describe a Journey,A2,předpona na-,prefix na-,,absent,
27,Navigate and Describe a Journey,A2,předpona s-,prefix s-,,phrase_of_known_words,
27,Navigate and Describe a Journey,A2,předpona z-,prefix z-,,phrase_of_known_words,
27,Navigate and Describe a Journey,A2,předpona vy-,prefix vy-,,phrase_of_known_words,
27,Navigate and Describe a Journey,A2,předpona do-,prefix do-,,phrase_of_known_words,
27,Navigate and Describe a Journey,A2,předpona při-,prefix při-,,phrase_of_known_words,
16,"Shop, Measure and Say Where From",A2,hodně,a lot / many,A1,official_A1,
16,"Shop, Measure and Say Where From",A2,málo,little / few,A1,official_A1,
16,"Shop, Measure and Say Where From",A2,dost,enough,A2,official_A2,
16,"Shop, Measure and Say Where From",A2,několik,several,A1,official_A1,
16,"Shop, Measure and Say Where From",A2,spousta,a lot / plenty,A2,official_A2,
16,"Shop, Measure and Say Where From",A2,mnoho,many / much,A2,official_A2,
16,"Shop, Measure and Say Where From",A2,polovina,half,A2,official_A2,
16,"Shop, Measure and Say Where From",A2,tucet,dozen,,absent,
16,"Shop, Measure and Say Where From",A2,druh,kind / type,A2,official_A2,
16,"Shop, Measure and Say Where From",A2,část,part,A2,official_A2,
16,"Shop, Measure and Say Where From",A2,kousek,piece,A2,official_A2,
16,"Shop, Measure and Say Where From",A2,sklenice,glass,A2,official_A2,
16,"Shop, Measure and Say Where From",A2,láhev,bottle,A2,official_A2,
16,"Shop, Measure and Say Where From",A2,vrchol,top / peak,,reference_text_only,
16,"Shop, Measure and Say Where From",A2,okraj,edge,,absent,
16,"Shop, Measure and Say Where From",A2,střed,center / middle,A2,official_A2,
16,"Shop, Measure and Say Where From",A2,dno,bottom,,absent,
16,"Shop, Measure and Say Where From",A2,blízkost,proximity,,reference_text_only,
16,"Shop, Measure and Say Where From",A2,vzdálenost,distance,A2,official_A2,
16,"Shop, Measure and Say Where From",A2,okolie,surroundings,,reference_text_only,
17,"Give, Help and Express Preferences",A2,pomáhat,to help,A1,official_A1,
17,"Give, Help and Express Preferences",A2,radit,to advise,,reference_text_only,
17,"Give, Help and Express Preferences",A2,odpovídat,to answer / respond,A1,official_A1,
17,"Give, Help and Express Preferences",A2,věřit,to believe,A2,official_A2,
17,"Give, Help and Express Preferences",A2,děkovat,to thank,A1,official_A1,
17,"Give, Help and Express Preferences",A2,stačit,to suffice / be enough,A1,official_A1,
17,"Give, Help and Express Preferences",A2,chutnat,to taste good,A1,official_A1,
17,"Give, Help and Express Preferences",A2,líbit se,to appeal to / like,A1,official_A1,
17,"Give, Help and Express Preferences",A2,patřit,to belong,A2,official_A2,
17,"Give, Help and Express Preferences",A2,svěřit se,to confide in,,absent,
17,"Give, Help and Express Preferences",A2,ublížit,to hurt (someone),,absent,
17,"Give, Help and Express Preferences",A2,odpustit,to forgive,,absent,
17,"Give, Help and Express Preferences",A2,závidět,to envy,,absent,
17,"Give, Help and Express Preferences",A2,přát si,to wish,A1,official_A1,
17,"Give, Help and Express Preferences",A2,brát,to take,A1,official_A1,
17,"Give, Help and Express Preferences",A2,bránit,to defend / forbid,,reference_text_only,
17,"Give, Help and Express Preferences",A2,naslouchat,to listen to,,absent,
17,"Give, Help and Express Preferences",A2,porušit,to violate / break,,reference_text_only,
17,"Give, Help and Express Preferences",A2,sloužit,to serve,,reference_text_only,
17,"Give, Help and Express Preferences",A2,poradit,to advise / consult,,reference_text_only,
18,"Say Where, With Whom and How",A2,přede,in front of,,reference_text_only,
18,"Say Where, With Whom and How",A2,mezi,between / among,,reference_text_only,
18,"Say Where, With Whom and How",A2,nad,above,,reference_text_only,
18,"Say Where, With Whom and How",A2,pod,under,,reference_text_only,
18,"Say Where, With Whom and How",A2,při,during / by,,reference_text_only,
18,"Say Where, With Whom and How",A2,kolem,around / past,,reference_text_only,
18,"Say Where, With Whom and How",A2,ohledně,regarding / concerning,,reference_text_only,
18,"Say Where, With Whom and How",A2,kvůli,because of / due to,,reference_text_only,
18,"Say Where, With Whom and How",A2,díky,thanks to,,reference_text_only,
18,"Say Where, With Whom and How",A2,prostředí,environment,,reference_text_only,
18,"Say Where, With Whom and How",A2,okolí,surroundings,,reference_text_only,
18,"Say Where, With Whom and How",A2,příroda,nature,A1,official_A1,
18,"Say Where, With Whom and How",A2,krajina,landscape,A2,official_A2,
18,"Say Where, With Whom and How",A2,oblast,area / region,,reference_text_only,
18,"Say Where, With Whom and How",A2,soused,neighbor,A1,official_A1,
18,"Say Where, With Whom and How",A2,sousedství,neighborhood,,absent,
18,"Say Where, With Whom and How",A2,vesnice,village,A1,official_A1,
18,"Say Where, With Whom and How",A2,městečko,small town,,absent,
18,"Say Where, With Whom and How",A2,předměstí,suburb,,absent,
18,"Say Where, With Whom and How",A2,univerzita,university,A1,official_A1,
19,Tell What Happened,A2,včera,yesterday,A1,official_A1,
19,Tell What Happened,A2,minulý,last / past,A1,official_A1,
19,Tell What Happened,A2,před,before / ago,,reference_text_only,
19,Tell What Happened,A2,nedávno,recently,A2,official_A2,
19,Tell What Happened,A2,dříve,earlier / before,A2,official_A2,
19,Tell What Happened,A2,tehdy,at that time / then,,reference_text_only,
19,Tell What Happened,A2,předevčírem,the day before yesterday,A1,official_A1,
19,Tell What Happened,A2,vždycky,always,A2,official_A2,
19,Tell What Happened,A2,dávno,long ago,,absent,
19,Tell What Happened,A2,kdysi,once / formerly,A2,official_A2,
19,Tell What Happened,A2,začátek,beginning,A1,official_A1,
19,Tell What Happened,A2,konec,end,A1,official_A1,
19,Tell What Happened,A2,stalo se,it happened,,reference_text_only,
19,Tell What Happened,A2,paměť,memory,,reference_text_only,
19,Tell What Happened,A2,vzpomínka,memory / recollection,,reference_text_only,
19,Tell What Happened,A2,příběh,story,,reference_text_only,
19,Tell What Happened,A2,událost,event,A2,official_A2,
19,Tell What Happened,A2,zpět,back,,reference_text_only,
19,Tell What Happened,A2,zmizet,to disappear,,absent,
19,Tell What Happened,A2,objevit,to discover / find,,reference_text_only,
20,Make Plans and Ask Politely,A2,možná,maybe / perhaps,A2,official_A2,
20,Make Plans and Ask Politely,A2,asi,probably / about,A1,official_A1,
20,Make Plans and Ask Politely,A2,pravděpodobně,probably / likely,,reference_text_only,
20,Make Plans and Ask Politely,A2,jistě,certainly / surely,A2,official_A2,
20,Make Plans and Ask Politely,A2,zřejmě,evidently / clearly,,reference_text_only,
20,Make Plans and Ask Politely,A2,snad,perhaps / hopefully,A2,official_A2,
20,Make Plans and Ask Politely,A2,doufat,to hope,A2,official_A2,
20,Make Plans and Ask Politely,A2,plán,plan,A2,official_A2,
20,Make Plans and Ask Politely,A2,rozhodnutí,decision,,absent,
20,Make Plans and Ask Politely,A2,cíl,goal / target,,reference_text_only,
20,Make Plans and Ask Politely,A2,představa,idea / imagination,,reference_text_only,
20,Make Plans and Ask Politely,A2,náměr,intention,,reference_text_only,
20,Make Plans and Ask Politely,A2,úmysl,intention,,reference_text_only,
20,Make Plans and Ask Politely,A2,chystat se,to prepare / get ready,,absent,
20,Make Plans and Ask Politely,A2,hodlat,to intend,,reference_text_only,
20,Make Plans and Ask Politely,A2,zítřek,tomorrow,,absent,
20,Make Plans and Ask Politely,A2,budoucnost,future,A2,official_A2,
20,Make Plans and Ask Politely,A2,předpokládat,to assume / expect,,reference_text_only,
20,Make Plans and Ask Politely,A2,čekat,to wait / expect,A1,official_A1,
20,Make Plans and Ask Politely,A2,obávat se,to fear / worry about,,absent,
21,Compare and Choose,A2,mnohem,much / by far,,reference_text_only,
21,Compare and Choose,A2,trochu,a little / slightly,A1,official_A1,
21,Compare and Choose,A2,o něco,somewhat / a bit,,reference_text_only,
21,Compare and Choose,A2,daleko,far / much,A1,official_A1,
21,Compare and Choose,A2,stejný,same,A1,official_A1,
21,Compare and Choose,A2,podobný,similar,A2,official_A2,
21,Compare and Choose,A2,rozdíl,difference,A2,official_A2,
21,Compare and Choose,A2,odlišný,different / distinct,,reference_text_only,
21,Compare and Choose,A2,nejlepší,best,A1,official_A1,
21,Compare and Choose,A2,nejhorší,worst,,reference_text_only,
21,Compare and Choose,A2,největší,biggest,,reference_text_only,
21,Compare and Choose,A2,nejmenší,smallest,,reference_text_only,
21,Compare and Choose,A2,nejdražší,most expensive,,absent,
21,Compare and Choose,A2,nejlevnější,cheapest,,absent,
21,Compare and Choose,A2,nejhezčí,prettiest,,absent,
21,Compare and Choose,A2,nejrychlejší,fastest,,absent,
21,Compare and Choose,A2,nejoblíbenější,favorite / most popular,,reference_text_only,
21,Compare and Choose,A2,nejzajímavější,most interesting,,absent,
21,Compare and Choose,A2,nejsložitější,most complicated,,absent,
21,Compare and Choose,A2,nejmodernější,most modern,,absent,
22,Explain Reasons and Connect Ideas,A2,že,that (conjunction),A1,official_A1,
22,Explain Reasons and Connect Ideas,A2,protože,because,A1,official_A1,
22,Explain Reasons and Connect Ideas,A2,když,when / if,A2,official_A2,
22,Explain Reasons and Connect Ideas,A2,až,when (future) / until,,reference_text_only,
22,Explain Reasons and Connect Ideas,A2,jestli,if / whether,A2,official_A2,
22,Explain Reasons and Connect Ideas,A2,aby,so that / in order to,A2,official_A2,
22,Explain Reasons and Connect Ideas,A2,ačkoli,although,,reference_text_only,
22,Explain Reasons and Connect Ideas,A2,zatímco,while / whereas,,reference_text_only,
22,Explain Reasons and Connect Ideas,A2,přestože,although / despite,,reference_text_only,
22,Explain Reasons and Connect Ideas,A2,jakmile,as soon as,,absent,
22,Explain Reasons and Connect Ideas,A2,dokud,as long as / until,,reference_text_only,
22,Explain Reasons and Connect Ideas,A2,pokud,if / provided that,,reference_text_only,
22,Explain Reasons and Connect Ideas,A2,spíše,rather / more likely,,reference_text_only,
22,Explain Reasons and Connect Ideas,A2,tudíž,therefore / thus,,absent,
22,Explain Reasons and Connect Ideas,A2,navíc,additionally / moreover,,reference_text_only,
22,Explain Reasons and Connect Ideas,A2,kromě,besides / except,,reference_text_only,
22,Explain Reasons and Connect Ideas,A2,místo,instead of,A1,official_A1,
22,Explain Reasons and Connect Ideas,A2,díky,thanks to,,reference_text_only,
22,Explain Reasons and Connect Ideas,A2,kvůli,because of,,reference_text_only,
22,Explain Reasons and Connect Ideas,A2,vzhledem k,considering / with regard to,,reference_text_only,
22,Explain Reasons and Connect Ideas,A2,pokud jde o,as for / regarding,,reference_text_only,
22,Explain Reasons and Connect Ideas,A2,co se týče,as regards / concerning,,absent,
22,Explain Reasons and Connect Ideas,A2,na jedné straně,on one hand,,phrase_of_known_words,
22,Explain Reasons and Connect Ideas,A2,na druhé straně,on the other hand,,reference_text_only,
22,Explain Reasons and Connect Ideas,A2,navzdory,despite / in spite of,,reference_text_only,
22,Explain Reasons and Connect Ideas,A2,ovšem,however / though,,absent,
22,Explain Reasons and Connect Ideas,A2,nicméně,nevertheless / however,,reference_text_only,
22,Explain Reasons and Connect Ideas,A2,avšak,but / however,,absent,
22,Explain Reasons and Connect Ideas,A2,přesto,nevertheless / still,,reference_text_only,
22,Explain Reasons and Connect Ideas,A2,z toho důvodu,for that reason,,phrase_of_known_words,
22,Explain Reasons and Connect Ideas,A2,v neposlední řadě,last but not least,,reference_text_only,
22,Explain Reasons and Connect Ideas,A2,na závěr,in conclusion / finally,,reference_text_only,
22,Explain Reasons and Connect Ideas,A2,naopak,on the contrary,,reference_text_only,
22,Explain Reasons and Connect Ideas,A2,podobně,similarly,,reference_text_only,
22,Explain Reasons and Connect Ideas,A2,stejně tak,just as / likewise,,phrase_of_known_words,
22,Explain Reasons and Connect Ideas,A2,na rozdíl od,unlike / in contrast to,,reference_text_only,
22,Explain Reasons and Connect Ideas,A2,v porovnání s,in comparison with,,phrase_of_known_words,
22,Explain Reasons and Connect Ideas,A2,dále,furthermore / next,,reference_text_only,
22,Explain Reasons and Connect Ideas,A2,poté,after that / afterwards,,reference_text_only,
22,Explain Reasons and Connect Ideas,A2,následně,subsequently / then,,reference_text_only,
28,A1 Skills Practice,A2,otázka,question,,reference_text_only,
28,A1 Skills Practice,A2,odpověď,answer,,reference_text_only,
28,A1 Skills Practice,A2,správně,correctly,A1,official_A1,
28,A1 Skills Practice,A2,špatně,wrongly / incorrectly,A1,official_A1,
28,A1 Skills Practice,A2,vyberte,choose / select,,reference_text_only,
28,A1 Skills Practice,A2,doplňte,fill in / complete,,reference_text_only,
28,A1 Skills Practice,A2,přečtěte,read,,absent,
28,A1 Skills Practice,A2,poslouchejte,listen,,absent,
28,A1 Skills Practice,A2,napište,write,,reference_text_only,
28,A1 Skills Practice,A2,řekněte,say / tell,,reference_text_only,
28,A1 Skills Practice,A2,spojte,match / connect,,reference_text_only,
28,A1 Skills Practice,A2,označte,mark / indicate,,reference_text_only,
28,A1 Skills Practice,A2,správná odpověď,correct answer,,phrase_of_known_words,
28,A1 Skills Practice,A2,čtyři možnosti,four options,,phrase_of_known_words,
28,A1 Skills Practice,A2,text,text,,reference_text_only,
28,A1 Skills Practice,A2,úkol,task,A1,official_A1,
28,A1 Skills Practice,A2,část,part / section,A2,official_A2,
28,A1 Skills Practice,A2,bod,point (score),A1,official_A1,
28,A1 Skills Practice,A2,hodnocení,evaluation / grading,,reference_text_only,
28,A1 Skills Practice,A2,zkouška,exam / test,A1,official_A1,
28,A1 Skills Practice,A2,test,test,A1,official_A1,
28,A1 Skills Practice,A2,přijímací zkouška,entrance exam,,reference_text_only,
28,A1 Skills Practice,A2,složit zkoušku,to take/pass an exam,,reference_text_only,
28,A1 Skills Practice,A2,propadnout,to fail (exam),,absent,
28,A1 Skills Practice,A2,úspěšný,successful,,absent,
28,A1 Skills Practice,A2,neúspěšný,unsuccessful,,reference_text_only,
28,A1 Skills Practice,A2,požadavek,requirement,,reference_text_only,
28,A1 Skills Practice,A2,splnit,to fulfill / meet,,reference_text_only,
28,A1 Skills Practice,A2,nahrávka,recording,,reference_text_only,
28,A1 Skills Practice,A2,formulář,form,A2,official_A2,
28,A1 Skills Practice,A2,vyplnit,to fill in,A2,official_A2,
28,A1 Skills Practice,A2,poslech,listening,,reference_text_only,
28,A1 Skills Practice,A2,čtení,reading,,reference_text_only,
28,A1 Skills Practice,A2,psaní,writing,,reference_text_only,
28,A1 Skills Practice,A2,mluvení,speaking,,reference_text_only,
28,A1 Skills Practice,A2,slovní zásoba,vocabulary,,reference_text_only,
28,A1 Skills Practice,A2,gramatika,grammar,,reference_text_only,
28,A1 Skills Practice,A2,vysvětlení,explanation,A2,official_A2,
28,A1 Skills Practice,A2,příklad,example,A1,official_A1,
28,A1 Skills Practice,A2,cvičení,exercise,A1,official_A1,
30,A1 Real-Life Consolidation,A2,omluvte,excuse (formal),,reference_text_only,
30,A1 Real-Life Consolidation,A2,promiňte,excuse me (formal),A1,official_A1,
30,A1 Real-Life Consolidation,A2,nezlobte se,don't be angry,,phrase_of_known_words,
30,A1 Real-Life Consolidation,A2,tak jo,alright / OK,A1,official_A1,
30,A1 Real-Life Consolidation,A2,no dobře,well / okay then,,phrase_of_known_words,
30,A1 Real-Life Consolidation,A2,vlastně,actually / in fact,,reference_text_only,
30,A1 Real-Life Consolidation,A2,prostě,simply / just,,reference_text_only,
30,A1 Real-Life Consolidation,A2,totiž,you see / namely,,absent,
30,A1 Real-Life Consolidation,A2,přece,after all / come on,,reference_text_only,
30,A1 Real-Life Consolidation,A2,už,already / anymore,A1,official_A1,
30,A1 Real-Life Consolidation,A2,ještě,still / yet,A1,official_A1,
30,A1 Real-Life Consolidation,A2,znovu,again,A2,official_A2,
30,A1 Real-Life Consolidation,A2,zpět,back,,reference_text_only,
30,A1 Real-Life Consolidation,A2,pryč,away / gone,A1,official_A1,
30,A1 Real-Life Consolidation,A2,domů,home (direction),A1,official_A1,
30,A1 Real-Life Consolidation,A2,ven,outside (direction),A2,official_A2,
30,A1 Real-Life Consolidation,A2,dovnitř,inside (direction),A2,official_A2,
30,A1 Real-Life Consolidation,A2,nahoru,up / upwards,A1,official_A1,
30,A1 Real-Life Consolidation,A2,dolů,down / downwards,A1,official_A1,
30,A1 Real-Life Consolidation,A2,blízko,near / close,A2,official_A2,
30,A1 Real-Life Consolidation,A2,daleko,far,A1,official_A1,
30,A1 Real-Life Consolidation,A2,tady,here,A1,official_A1,
30,A1 Real-Life Consolidation,A2,tam,there,A1,official_A1,
30,A1 Real-Life Consolidation,A2,někde,somewhere,A1,official_A1,
30,A1 Real-Life Consolidation,A2,nikde,nowhere,,reference_text_only,
30,A1 Real-Life Consolidation,A2,všude,everywhere,A2,official_A2,
30,A1 Real-Life Consolidation,A2,jinam,elsewhere,A2,official_A2,
30,A1 Real-Life Consolidation,A2,sem,here (direction),A1,official_A1,
30,A1 Real-Life Consolidation,A2,tamtam,there (direction),,reference_text_only,
30,A1 Real-Life Consolidation,A2,vně,outside (location),,absent,
30,A1 Real-Life Consolidation,A2,uvnitř,inside (location),A2,official_A2,
30,A1 Real-Life Consolidation,A2,nahoře,above / upstairs,A1,official_A1,
30,A1 Real-Life Consolidation,A2,dole,below / downstairs,A1,official_A1,
30,A1 Real-Life Consolidation,A2,vedle,next to / beside,A1,official_A1,
30,A1 Real-Life Consolidation,A2,naproti,opposite / across,A2,official_A2,
30,A1 Real-Life Consolidation,A2,kolem,past / around,,reference_text_only,
30,A1 Real-Life Consolidation,A2,skrz,through,,reference_text_only,
30,A1 Real-Life Consolidation,A2,podél,along,,reference_text_only,
30,A1 Real-Life Consolidation,A2,uprostřed,in the middle,A2,official_A2,
30,A1 Real-Life Consolidation,A2,zhruba,approximately / roughly,,reference_text_only,
30,A1 Real-Life Consolidation,A2,asi tak,about / approximately,,reference_text_only,
23,Understand Rules and Ask Permission,A2,povolení,permission,A1,official_A1,
23,Understand Rules and Ask Permission,A2,zákaz,"prohibition, ban",A1,official_A1,
23,Understand Rules and Ask Permission,A2,pravidlo,rule,,reference_text_only,
23,Understand Rules and Ask Permission,A2,dovoleno,"allowed, permitted",,reference_text_only,
23,Understand Rules and Ask Permission,A2,zakázáno,"forbidden, prohibited",,reference_text_only,
23,Understand Rules and Ask Permission,A2,muset,"must, have to",A1,official_A1,
23,Understand Rules and Ask Permission,A2,moct,"can, be able to",A1,official_A1,
23,Understand Rules and Ask Permission,A2,smět,"be allowed to, may",A1,official_A1,
23,Understand Rules and Ask Permission,A2,mít právo,to have the right,,phrase_of_known_words,
23,Understand Rules and Ask Permission,A2,být povinen,"to be obliged, required",,phrase_of_known_words,
23,Understand Rules and Ask Permission,A2,nesmí se,"must not, is not allowed",,reference_text_only,
23,Understand Rules and Ask Permission,A2,je nutné,it is necessary,,reference_text_only,
23,Understand Rules and Ask Permission,A2,je možné,it is possible,A2,official_A2,
23,Understand Rules and Ask Permission,A2,je zakázáno,it is forbidden,A2,official_A2,
23,Understand Rules and Ask Permission,A2,dovolit si,"to afford, allow oneself",,reference_text_only,
23,Understand Rules and Ask Permission,A2,zákaz vstupu,no entry,,reference_text_only,
23,Understand Rules and Ask Permission,A2,vyžadovat,"to require, demand",,reference_text_only,
23,Understand Rules and Ask Permission,A2,povolit,"to allow, permit",,reference_text_only,
23,Understand Rules and Ask Permission,A2,zakázat,"to forbid, prohibit",,reference_text_only,
24,Handle a Doctor and Pharmacy Visit,A2,teplota,"temperature, fever",A1,official_A1,
24,Handle a Doctor and Pharmacy Visit,A2,horečka,fever,A2,official_A2,
24,Handle a Doctor and Pharmacy Visit,A2,kašel,cough,A1,official_A1,
24,Handle a Doctor and Pharmacy Visit,A2,rýma,"runny nose, cold",A1,official_A1,
24,Handle a Doctor and Pharmacy Visit,A2,bolest,pain,A2,official_A2,
24,Handle a Doctor and Pharmacy Visit,A2,zánět,inflammation,,absent,
24,Handle a Doctor and Pharmacy Visit,A2,alergie,allergy,A2,official_A2,
24,Handle a Doctor and Pharmacy Visit,A2,předpis,prescription,,reference_text_only,
24,Handle a Doctor and Pharmacy Visit,A2,recept,"prescription, recipe",A1,official_A1,
24,Handle a Doctor and Pharmacy Visit,A2,tableta,"tablet, pill",A2,official_A2,
24,Handle a Doctor and Pharmacy Visit,A2,sirup,syrup,,absent,
24,Handle a Doctor and Pharmacy Visit,A2,injekce,"injection, shot",A1,official_A1,
24,Handle a Doctor and Pharmacy Visit,A2,obvaz,"bandage, dressing",,absent,
24,Handle a Doctor and Pharmacy Visit,A2,sterilní,sterile,,absent,
24,Handle a Doctor and Pharmacy Visit,A2,infekce,infection,,absent,
24,Handle a Doctor and Pharmacy Visit,A2,virus,virus,,absent,
24,Handle a Doctor and Pharmacy Visit,A2,bakterie,"bacterium, bacteria",,absent,
24,Handle a Doctor and Pharmacy Visit,A2,krevní tlak,blood pressure,,phrase_of_known_words,
24,Handle a Doctor and Pharmacy Visit,A2,pulz,pulse,,absent,
24,Handle a Doctor and Pharmacy Visit,A2,očkování,vaccination,A1,official_A1,
24,Handle a Doctor and Pharmacy Visit,A2,ambulance,"outpatient clinic, surgery",A2,official_A2,
24,Handle a Doctor and Pharmacy Visit,A2,operační sál,operating room,,absent,
24,Handle a Doctor and Pharmacy Visit,A2,rentgen,X-ray,A1,official_A1,
24,Handle a Doctor and Pharmacy Visit,A2,krevní test,blood test,,phrase_of_known_words,
24,Handle a Doctor and Pharmacy Visit,A2,moč,urine,A1,official_A1,
25,Describe Work and Education,A2,plat,"salary, pay",A1,official_A1,
25,Describe Work and Education,A2,mzda,wage,A1,official_A1,
25,Describe Work and Education,A2,smlouva,contract,A1,official_A1,
25,Describe Work and Education,A2,úvazek,"workload, commitment",A2,official_A2,
25,Describe Work and Education,A2,dovolená,"vacation, holiday",A1,official_A1,
25,Describe Work and Education,A2,nemocenská,sick leave,A1,official_A1,
25,Describe Work and Education,A2,přezkoušení,"examination, review",,absent,
25,Describe Work and Education,A2,zkouška,"exam, test",A1,official_A1,
25,Describe Work and Education,A2,semestr,semester,,absent,
25,Describe Work and Education,A2,přednáška,lecture,A2,official_A2,
25,Describe Work and Education,A2,seminář,seminar,A2,official_A2,
25,Describe Work and Education,A2,kredit,credit (academic),,absent,
25,Describe Work and Education,A2,diplom,diploma,A1,official_A1,
25,Describe Work and Education,A2,titul,"degree, title",,reference_text_only,
25,Describe Work and Education,A2,bakalář,bachelor (degree),,reference_text_only,
25,Describe Work and Education,A2,magistr,master (degree),,reference_text_only,
25,Describe Work and Education,A2,doktor,doctor (degree),,reference_text_only,
25,Describe Work and Education,A2,profesor,professor,A1,official_A1,
25,Describe Work and Education,A2,děkan,dean,,absent,
25,Describe Work and Education,A2,rektor,rector (university head),,absent,
25,Describe Work and Education,A2,kolega,colleague,,reference_text_only,
25,Describe Work and Education,A2,nadřízený,"superior, boss",A2,official_A2,
25,Describe Work and Education,A2,podřízený,subordinate,A2,official_A2,
25,Describe Work and Education,A2,oddělení,department,A1,official_A1,
25,Describe Work and Education,A2,ředitel,director,A1,official_A1,
26,Find a Home and Report a Problem,A2,nábytek,furniture,A1,official_A1,
26,Find a Home and Report a Problem,A2,postel,bed,A1,official_A1,
26,Find a Home and Report a Problem,A2,skříň,"wardrobe, cupboard",A1,official_A1,
26,Find a Home and Report a Problem,A2,stůl,"table, desk",A1,official_A1,
26,Find a Home and Report a Problem,A2,židle,chair,A1,official_A1,
26,Find a Home and Report a Problem,A2,pohovka,"sofa, couch",,reference_text_only,
26,Find a Home and Report a Problem,A2,křeslo,armchair,A2,official_A2,
26,Find a Home and Report a Problem,A2,regál,"shelf, shelving unit",,absent,
26,Find a Home and Report a Problem,A2,komoda,"chest of drawers, dresser",,absent,
26,Find a Home and Report a Problem,A2,zrcadlo,mirror,,absent,
26,Find a Home and Report a Problem,A2,lampa,lamp,A1,official_A1,
26,Find a Home and Report a Problem,A2,koberec,"carpet, rug",A2,official_A2,
26,Find a Home and Report a Problem,A2,závěs,curtain,,reference_text_only,
26,Find a Home and Report a Problem,A2,nájem,rent (the act of renting),,reference_text_only,
26,Find a Home and Report a Problem,A2,nájemce,tenant,,reference_text_only,
26,Find a Home and Report a Problem,A2,pronajimat,to rent out,,absent,
26,Find a Home and Report a Problem,A2,kauce,deposit,,reference_text_only,
26,Find a Home and Report a Problem,A2,měsíční nájem,monthly rent,,phrase_of_known_words,
26,Find a Home and Report a Problem,A2,poplatky,"fees, charges",A1,official_A1,
26,Find a Home and Report a Problem,A2,energie,"energy, utilities",,absent,
26,Find a Home and Report a Problem,A2,voda,water,A1,official_A1,
26,Find a Home and Report a Problem,A2,elektrika,electricity,,reference_text_only,
26,Find a Home and Report a Problem,A2,plyn,gas,A1,official_A1,
26,Find a Home and Report a Problem,A2,vytápění,heating,,absent,
26,Find a Home and Report a Problem,A2,internet,internet,A2,official_A2,
27,Navigate and Describe a Journey,A2,přijet,to arrive (by vehicle),A1,official_A1,
27,Navigate and Describe a Journey,A2,odjet,"to leave, depart (by vehicle)",A1,official_A1,
27,Navigate and Describe a Journey,A2,přejet,"to cross (by vehicle), run over",A2,official_A2,
27,Navigate and Describe a Journey,A2,objet,"to go around, bypass",A2,official_A2,
27,Navigate and Describe a Journey,A2,projet,"to go through, pass through",A2,official_A2,
27,Navigate and Describe a Journey,A2,dojet,"to arrive, reach (by vehicle)",,absent,
27,Navigate and Describe a Journey,A2,zajet,"to drive to, go (somewhere)",,reference_text_only,
27,Navigate and Describe a Journey,A2,vyjet,"to drive out, exit",A2,official_A2,
27,Navigate and Describe a Journey,A2,najet,"to drive onto, hit (collision)",,reference_text_only,
27,Navigate and Describe a Journey,A2,vystoupit,"to get off, alight, step out",A2,official_A2,
27,Navigate and Describe a Journey,A2,nastoupit,"to get on, board",A1,official_A1,
27,Navigate and Describe a Journey,A2,přestoupit,"to change (transport), transfer",A1,official_A1,
27,Navigate and Describe a Journey,A2,ztratit se,to get lost,,reference_text_only,
27,Navigate and Describe a Journey,A2,zabloudit,"to get lost, wander",,absent,
27,Navigate and Describe a Journey,A2,odbočit,"to turn off, branch off",A2,official_A2,
27,Navigate and Describe a Journey,A2,pokračovat,to continue,A1,official_A1,
27,Navigate and Describe a Journey,A2,zastavit,to stop,A1,official_A1,
27,Navigate and Describe a Journey,A2,rozjet se,"to set off, start moving",,absent,
27,Navigate and Describe a Journey,A2,couvnout,"to back up, reverse",,absent,
27,Navigate and Describe a Journey,A2,otočit se,to turn around,A2,official_A2,
27,Navigate and Describe a Journey,A2,zpět,"back, backward",,reference_text_only,
27,Navigate and Describe a Journey,A2,dopředu,"forward, ahead",A1,official_A1,
27,Navigate and Describe a Journey,A2,dozadu,"backward, to the back",A1,official_A1,
27,Navigate and Describe a Journey,A2,nahoru,"up, upward",A1,official_A1,
27,Navigate and Describe a Journey,A2,dolů,"down, downward",A1,official_A1,
29,A2 Skills Practice,A2,formální dopis,formal letter,,phrase_of_known_words,
29,A2 Skills Practice,A2,žádost,"application, request",A2,official_A2,
29,A2 Skills Practice,A2,stížnost,complaint,,reference_text_only,
29,A2 Skills Practice,A2,oznámení,"announcement, notice",A2,official_A2,
29,A2 Skills Practice,A2,pozvánka,invitation,,reference_text_only,
29,A2 Skills Practice,A2,potvrzení,confirmation,A1,official_A1,
29,A2 Skills Practice,A2,vyjádření,"statement, expression",,reference_text_only,
29,A2 Skills Practice,A2,souhlas,"agreement, consent",,reference_text_only,
29,A2 Skills Practice,A2,nesouhlas,"disagreement, dissent",,reference_text_only,
29,A2 Skills Practice,A2,navrhovat,"to propose, suggest",,absent,
29,A2 Skills Practice,A2,doporučovat,to recommend,A2,official_A2,
29,A2 Skills Practice,A2,žádat,"to request, apply for",A2,official_A2,
29,A2 Skills Practice,A2,informovat,to inform,A1,official_A1,
29,A2 Skills Practice,A2,oznamovat,"to announce, notify",,reference_text_only,
29,A2 Skills Practice,A2,omlouvat se,to apologize,A1,official_A1,
29,A2 Skills Practice,A2,děkovat,to thank,A1,official_A1,
29,A2 Skills Practice,A2,blahopřát,"to wish, congratulate",A1,official_A1,
29,A2 Skills Practice,A2,gratulovat,to congratulate,A2,official_A2,
29,A2 Skills Practice,A2,v současné době,"at present, currently",,reference_text_only,
29,A2 Skills Practice,A2,v nedávné době,recently,,reference_text_only,
29,A2 Skills Practice,A2,pokud jde o,"as regards, concerning",,reference_text_only,
29,A2 Skills Practice,A2,co se týče,"as regards, concerning",,absent,
29,A2 Skills Practice,A2,na jedné straně,on one hand,,phrase_of_known_words,
29,A2 Skills Practice,A2,na druhé straně,on the other hand,,reference_text_only,
29,A2 Skills Practice,A2,z toho důvodu,for that reason,,phrase_of_known_words,
29,A2 Skills Practice,A2,z tohoto hlediska,from this point of view,,phrase_of_known_words,
29,A2 Skills Practice,A2,je nutno podotknout,it should be noted,,absent,
29,A2 Skills Practice,A2,je třeba zdůraznit,it should be emphasized,,absent,
29,A2 Skills Practice,A2,vzhledem k tomu,"given that, in view of",,reference_text_only,
29,A2 Skills Practice,A2,s ohledem na,"with regard to, considering",,reference_text_only,
29,A2 Skills Practice,A2,navzdory tomu,"despite that, nevertheless",,phrase_of_known_words,
29,A2 Skills Practice,A2,kromě toho,"besides, in addition",,phrase_of_known_words,
29,A2 Skills Practice,A2,kromě již zmíněného,besides the already mentioned,,absent,
29,A2 Skills Practice,A2,v neposlední řadě,last but not least,,reference_text_only,
29,A2 Skills Practice,A2,na závěr,"in conclusion, finally",,reference_text_only,
29,A2 Skills Practice,A2,naopak,on the contrary,,reference_text_only,
29,A2 Skills Practice,A2,zatímco,"while, whereas",,reference_text_only,
29,A2 Skills Practice,A2,přesto,"nevertheless, still",,reference_text_only,
29,A2 Skills Practice,A2,nicméně,"however, nevertheless",,reference_text_only,
29,A2 Skills Practice,A2,avšak,"however, but",,absent,
29,A2 Skills Practice,A2,ovšem,"of course, however",,absent,
29,A2 Skills Practice,A2,totež,"the same, likewise",,absent,
29,A2 Skills Practice,A2,stejně tak,"just as, similarly",,phrase_of_known_words,
29,A2 Skills Practice,A2,podobně,similarly,,reference_text_only,
29,A2 Skills Practice,A2,na rozdíl od,"in contrast to, unlike",,reference_text_only,
29,A2 Skills Practice,A2,v porovnání s,in comparison with,,phrase_of_known_words,
29,A2 Skills Practice,A2,dále,"furthermore, next",,reference_text_only,
29,A2 Skills Practice,A2,poté,"afterwards, then",,reference_text_only,
29,A2 Skills Practice,A2,následně,subsequently,,reference_text_only,
29,A2 Skills Practice,A2,nejprve,"first, first of all",,reference_text_only,
29,A2 Skills Practice,A2,především,"above all, primarily",,reference_text_only,
29,A2 Skills Practice,A2,hlavně,"mainly, especially",,reference_text_only,
29,A2 Skills Practice,A2,zvláště,"especially, particularly",,reference_text_only,
29,A2 Skills Practice,A2,speciálně,"specifically, specially",,reference_text_only,
29,A2 Skills Practice,A2,předně,"firstly, first of all",,reference_text_only,
29,A2 Skills Practice,A2,naposled,"for the last time, lastly",,reference_text_only,
29,A2 Skills Practice,A2,konečně,"finally, at last",,reference_text_only,
31,A2 Real-Life Consolidation,A2,zapomenout,to forget,A2,official_A2,
31,A2 Real-Life Consolidation,A2,vzpomenout si,"to recall, remember",A2,official_A2,
31,A2 Real-Life Consolidation,A2,učit se,"to learn, study",A1,official_A1,
31,A2 Real-Life Consolidation,A2,naučit se,"to learn (completely), master",A1,official_A1,
31,A2 Real-Life Consolidation,A2,znát,"to know (a person, fact)",A1,official_A1,
31,A2 Real-Life Consolidation,A2,vědět,to know (information),A1,official_A1,
31,A2 Real-Life Consolidation,A2,mluvit,"to speak, talk",A1,official_A1,
31,A2 Real-Life Consolidation,A2,říkat,to say (repeatedly),A1,official_A1,
31,A2 Real-Life Consolidation,A2,říct,"to say (once, perfective)",A1,official_A1,
31,A2 Real-Life Consolidation,A2,vidět,to see,A1,official_A1,
31,A2 Real-Life Consolidation,A2,podívat se,to look at,A2,official_A2,
31,A2 Real-Life Consolidation,A2,slyšet,to hear,A1,official_A1,
31,A2 Real-Life Consolidation,A2,poslouchat,to listen,A1,official_A1,
31,A2 Real-Life Consolidation,A2,hledat,"to search, look for",A1,official_A1,
31,A2 Real-Life Consolidation,A2,najít,to find,A2,official_A2,
31,A2 Real-Life Consolidation,A2,myslet,"to think, have an opinion",A2,official_A2,
31,A2 Real-Life Consolidation,A2,přemýšlet,"to think, ponder",,absent,
31,A2 Real-Life Consolidation,A2,začít,"to begin, start (once)",A2,official_A2,
31,A2 Real-Life Consolidation,A2,začínat,"to begin, start (ongoing)",A1,official_A1,
31,A2 Real-Life Consolidation,A2,skončit,"to finish, end (once)",A2,official_A2,
31,A2 Real-Life Consolidation,A2,končit,"to end, finish (ongoing)",A1,official_A1,
31,A2 Real-Life Consolidation,A2,otevřít,to open (once),A1,official_A1,
31,A2 Real-Life Consolidation,A2,otevírat,to open (ongoing),A1,official_A1,
31,A2 Real-Life Consolidation,A2,zavřít,to close (once),A1,official_A1,
31,A2 Real-Life Consolidation,A2,zavírat,to close (ongoing),A1,official_A1,
31,A2 Real-Life Consolidation,A2,koupit,to buy (once),A1,official_A1,
31,A2 Real-Life Consolidation,A2,kupovat,"to buy (ongoing, habitual)",A1,official_A1,
31,A2 Real-Life Consolidation,A2,prodat,to sell (once),A1,official_A1,
31,A2 Real-Life Consolidation,A2,prodávat,"to sell (ongoing, habitual)",A1,official_A1,
31,A2 Real-Life Consolidation,A2,přijmout,"to accept, receive (once)",,reference_text_only,
31,A2 Real-Life Consolidation,A2,přijímat,"to accept, receive (ongoing)",,reference_text_only,
31,A2 Real-Life Consolidation,A2,opustit,"to leave, abandon (once)",,absent,
31,A2 Real-Life Consolidation,A2,opouštět,"to leave, abandon (ongoing)",,absent,
31,A2 Real-Life Consolidation,A2,vrátit se,to return (once),A1,official_A1,
31,A2 Real-Life Consolidation,A2,vracet se,"to return (ongoing, habitual)",A1,official_A1,
31,A2 Real-Life Consolidation,A2,setkat se,to meet (once),,phrase_of_known_words,
31,A2 Real-Life Consolidation,A2,setkávat se,"to meet (ongoing, habitual)",,phrase_of_known_words,
31,A2 Real-Life Consolidation,A2,rozhodnout,to decide (once),,absent,
31,A2 Real-Life Consolidation,A2,rozhodovat,to decide (ongoing),,reference_text_only,
31,A2 Real-Life Consolidation,A2,zjistit,"to find out, discover (once)",,reference_text_only,
31,A2 Real-Life Consolidation,A2,zjišťovat,to find out (ongoing),,reference_text_only,
31,A2 Real-Life Consolidation,A2,dokázat,"to prove, demonstrate (once)",,reference_text_only,
31,A2 Real-Life Consolidation,A2,dokazovat,to prove (ongoing),,absent,
31,A2 Real-Life Consolidation,A2,vyhrát,to win (once),A2,official_A2,
31,A2 Real-Life Consolidation,A2,vyhrávat,"to win (ongoing, habitual)",A2,official_A2,
31,A2 Real-Life Consolidation,A2,prohrát,"to lose (a game, once)",A2,official_A2,
31,A2 Real-Life Consolidation,A2,prohrávat,"to lose (a game, ongoing)",A2,official_A2,
31,A2 Real-Life Consolidation,A2,splnit,"to fulfill, complete (once)",,reference_text_only,
31,A2 Real-Life Consolidation,A2,splňovat,"to fulfill, meet (ongoing)",,absent,
31,A2 Real-Life Consolidation,A2,dosáhnout,"to achieve, reach (once)",,absent,
31,A2 Real-Life Consolidation,A2,dosahovat,"to achieve, reach (ongoing)",,absent,
31,A2 Real-Life Consolidation,A2,pochopit,to understand (once),,reference_text_only,
31,A2 Real-Life Consolidation,A2,chápat,to understand (ongoing),A2,official_A2,
31,A2 Real-Life Consolidation,A2,vysvětlit,to explain (once),A1,official_A1,
31,A2 Real-Life Consolidation,A2,vysvětlovat,to explain (ongoing),A2,official_A2,
31,A2 Real-Life Consolidation,A2,připravit,to prepare (once),A2,official_A2,
31,A2 Real-Life Consolidation,A2,připravovat,to prepare (ongoing),A1,official_A1,
31,A2 Real-Life Consolidation,A2,vybrat,"to choose, select (once)",A2,official_A2,
31,A2 Real-Life Consolidation,A2,vybírat,"to choose, select (ongoing)",A2,official_A2,
29,A2 Skills Practice,A2,v první řadě,"in the first place, firstly",,phrase_of_known_words,
29,A2 Skills Practice,A2,jak již bylo řečeno,as already mentioned,,phrase_of_known_words,
29,A2 Skills Practice,A2,ve zkratce,"in short, briefly",,phrase_of_known_words,
31,A2 Real-Life Consolidation,A2,zapamatovat si,"to memorize, commit to memory",,absent,
