headword,level,type,pos,gender,number,aspect,chapters,topics
a,A1,slovo,konjunkce,,,,4.8.1; 5.3.22; 5.4.4; 6.1.7,"Logical relations; Emotions; Influencing others; Personal details, family"
a co mám/e dělat,A2,fráze,,,,,6.2.6; 6.8.1; 5.3.22,Housing; Shopping and services; Emotions
a proto,A2,slovo,konjunkce,,,,4.8.6,Logical relations
a. s.,A2,sousloví,,,,,6.6.8,Work
aby,A2,slovo,konjunkce,,,,5.5.16,Social rituals
adoptivní,A2,slovo,adjektivum,,,,6.1.13,"Personal details, family"
adresa,A1,slovo,substantivum,femininum,singulár,,6.1.3,"Personal details, family"
adresát,A1,slovo,substantivum,maskulinum,singulár,,6.8.11,Shopping and services
advokát,A1,slovo,substantivum,maskulinum,singulár,,6.11.8,Offices
advokátka,A1,slovo,substantivum,femininum,singulár,,6.11.8,Offices
aerobik,A1,slovo,substantivum,maskulinum,singulár,,6.5.7,Free time
agentura,A2,slovo,substantivum,femininum,singulár,,6.11.5,Offices
ahoj,A1,slovo,interjekce,,,,5.5.15; 5.5.24; 5.5.37,Social rituals
AIDS,A2,slovo,substantivum,maskulinum,singulár,,5.6.2; 6.7.5,Discourse; Health care
akce,A2,slovo,substantivum,femininum,,,6.8.4,Shopping and services
akciová společnost,A2,sousloví,,,,,6.6.8,Work
akciový,A2,slovo,adjektivum,,,,6.6.8,Work
aktovka,A2,slovo,substantivum,femininum,singulár,,6.8.3; 6.10.3,Shopping and services; Education
ale,A1,slovo,konjunkce,,,,4.8.4,Logical relations
ale ano,A1,slovo,partikule,,,,5.2.6,Attitudes to information
ale jo,A2,slovo,partikule,,,,5.2.6,Attitudes to information
alergie,A2,slovo,substantivum,femininum,singulár,,6.7.4,Health care
alespoň,A2,slovo,partikule,,,,4.2.7,Quantity
alkohol,A1,slovo,substantivum,maskulinum,singulár,,6.3.14; 6.9.6,Food; Travel
alkoholický,A2,slovo,adjektivum,,,,6.3.14,Food
ambulance,A2,slovo,substantivum,femininum,singulár,,6.7.7,Health care
angína,A2,slovo,substantivum,femininum,singulár,,6.7.5,Health care
angličtina,A1,slovo,substantivum,femininum,singulár,,6.10.7,Education
"ani, ani",A2,slovo,konjunkce,,,,4.8.1,Logical relations
ano,A1,slovo,partikule,,,,5.2.1; 5.4.9; 5.4.17; 5.4.19,Attitudes to information; Influencing others
antibiotika,A2,slovo,substantivum,neutrum,plurál,,5.5.6; 5.5.9; 5.6.6; 6.8.6,Social rituals; Discourse; Shopping and services
antikoncepce,A2,slovo,substantivum,femininum,singulár,,6.7.9,Health care
aperitiv,A2,slovo,substantivum,maskulinum,singulár,,6.3.5,Food
apostila,A2,slovo,substantivum,femininum,singulár,,6.11.6,Offices
asi,A1,slovo,partikule,,,,4.2.6; 5.2.19,Quantity; Attitudes to information
asi ano,A1,fráze,,,,,5.2.2,Attitudes to information
asi jo,A2,fráze,,,,,5.2.2,Attitudes to information
asi ne,A1,fráze,,,,,5.2.4,Attitudes to information
asijský,A2,slovo,adjektivum,,,,6.1.14,"Personal details, family"
asijský vzhled,A2,sousloví,,,,,6.1.14,"Personal details, family"
asistent,A1,slovo,substantivum,maskulinum,singulár,,6.6.1; 6.10.4,Work; Education
asistentka,A1,slovo,substantivum,femininum,singulár,,6.6.1; 6.10.4,Work; Education
ať,A2,slovo,partikule,,,,5.5.35,Social rituals
ateista,A2,slovo,substantivum,maskulinum,singulár,,6.1.11,"Personal details, family"
ateistka,A2,slovo,substantivum,femininum,singulár,,6.1.11,"Personal details, family"
atletika,A2,slovo,substantivum,femininum,singulár,,6.5.7,Free time
au,A1,slovo,interjekce,,,,5.3.33,Emotions
aula,A2,slovo,substantivum,femininum,singulár,,6.10.2,Education
auto,A1,slovo,substantivum,neutrum,singulár,,6.9.1; 6.9.5,Travel
autobazar,A2,slovo,substantivum,maskulinum,singulár,,6.9.5,Travel
autobus,A1,slovo,substantivum,maskulinum,singulár,,6.9.1; 6.9.8,Travel
autobusový,A2,slovo,adjektivum,,,,6.9.9,Travel
autodíl,A2,slovo,substantivum,maskulinum,singulár,,6.9.5,Travel
automat,A1,slovo,substantivum,maskulinum,singulár,,6.9.8,Travel
automat na jízdenky,A1,sousloví,,,,,6.9.8,Travel
autosedačka,A2,slovo,substantivum,femininum,singulár,,6.9.3,Travel
autoservis,A1,slovo,substantivum,maskulinum,singulár,,6.9.5,Travel
autoškola,A2,slovo,substantivum,femininum,singulár,,6.9.2,Travel
babička,A1,slovo,substantivum,femininum,singulár,,6.1.13,"Personal details, family"
bál,A1,slovo,substantivum,maskulinum,singulár,,6.5.11,Free time
balet,A2,slovo,substantivum,maskulinum,singulár,,6.5.11,Free time
balíček,A2,slovo,substantivum,maskulinum,singulár,,4.2.3,Quantity
balík,A1,slovo,substantivum,maskulinum,singulár,,4.2.3; 6.8.11,Quantity; Shopping and services
balon,A1,slovo,substantivum,maskulinum,singulár,,6.5.9,Free time
banán,A1,slovo,substantivum,maskulinum,singulár,,6.3.10,Food
banka,A1,slovo,substantivum,femininum,singulár,,6.6.3; 6.8.8; 6.8.12,Work; Shopping and services
bankomat,A1,slovo,substantivum,maskulinum,singulár,,6.8.12,Shopping and services
bankovnictví,A2,slovo,substantivum,neutrum,singulár,,6.8.12,Shopping and services
barva,A1,slovo,substantivum,femininum,singulár,,4.6.8; 6.8.5,Qualities; Shopping and services
barvit,A2,slovo,verbum,,,imperfektivní,6.8.9,Shopping and services
báseň,A2,slovo,substantivum,femininum,singulár,,6.5.14,Free time
basketbal,A1,slovo,substantivum,maskulinum,singulár,,6.5.7,Free time
básník,A2,slovo,substantivum,maskulinum,singulár,,6.5.14,Free time
básnířka,A2,slovo,substantivum,femininum,singulár,,6.5.14,Free time
bát se,A1,slovo,verbum,,,imperfektivní,5.3.30; 5.3.31,Emotions
"bát se, že",A2,vazba,,,,,5.3.30,Emotions
batoh,A2,slovo,substantivum,maskulinum,singulár,,6.8.3,Shopping and services
bavit,A2,slovo,verbum,,,imperfektivní,5.3.15; 6.5.6,Emotions; Free time
bavit se,A2,slovo,verbum,,,imperfektivní,6.5.2,Free time
bavlna,A1,slovo,substantivum,femininum,singulár,,4.6.9,Qualities
bavlněný,A2,slovo,adjektivum,,,,4.6.9,Qualities
bavte se dobře,A2,fráze,,,,,5.5.33,Social rituals
bazén,A1,slovo,substantivum,maskulinum,singulár,,6.2.3; 6.5.9,Housing; Free time
Bc.,A2,slovo,substantivum,maskulinum,singulár,,6.1.2,"Personal details, family"
běh,A2,slovo,substantivum,maskulinum,singulár,,4.4.4,Space
běhat,A2,slovo,verbum,,,imperfektivní,4.4.4; 6.5.7,Space; Free time
becherovka,A2,slovo,substantivum,femininum,singulár,,6.3.14,Food
běloch,A2,slovo,substantivum,maskulinum,singulár,,6.1.14,"Personal details, family"
běloška,A2,slovo,substantivum,femininum,singulár,,6.1.14,"Personal details, family"
benzin,A1,slovo,substantivum,maskulinum,singulár,,6.9.5,Travel
benzinka,A1,slovo,substantivum,femininum,singulár,,6.9.5,Travel
benzinová pumpa,A1,sousloví,,,,,6.9.5,Travel
benzinový,A1,slovo,adjektivum,,,,6.9.5,Travel
beton,A2,slovo,substantivum,maskulinum,singulár,,4.6.9,Qualities
bez,A2,slovo,prepozice,,,,6.8.3,Shopping and services
bezmasé jídlo,A1,sousloví,,,,,6.3.5,Food
bezmasý,A1,slovo,adjektivum,,,,6.3.5,Food
bezpečnost,A2,slovo,substantivum,femininum,singulár,,6.6.5,Work
bezpečnost práce,A2,sousloví,,,,,6.6.5,Work
bezpečnostní,A2,slovo,adjektivum,,,,6.9.3,Travel
bezpečnostní pás,A2,sousloví,,,,,6.9.3,Travel
běžet,A2,slovo,verbum,,,imperfektivní,4.4.4,Space
bílý,A1,slovo,adjektivum,,,,4.6.8; 6.3.14,Qualities; Food
biologie,A2,slovo,substantivum,femininum,singulár,,6.10.7,Education
blahopřát,A1,slovo,verbum,,,imperfektivní,5.5.25,Social rituals
blbý,A2,slovo,,,,,4.7.1,Evaluation
blízko,A2,slovo,,,,,4.3.4,Size and measures
blog,A2,slovo,substantivum,maskulinum,singulár,,6.5.5,Free time
blond,A1,slovo,adjektivum,,,,6.1.14,"Personal details, family"
blůza,A1,slovo,substantivum,femininum,singulár,,6.8.3,Shopping and services
bod,A1,slovo,substantivum,maskulinum,singulár,,6.10.8,Education
bohužel,A1,slovo,partikule,,,,5.3.21; 5.3.27; 5.4.10,Emotions; Influencing others
"bohužel, nemůžu",A1,fráze,,,,,5.5.7; 5.4.10,Social rituals; Influencing others
bojler,A2,slovo,substantivum,maskulinum,singulár,,6.2.5,Housing
bolest,A2,slovo,substantivum,femininum,singulár,,6.7.2,Health care
bolet,A1,slovo,verbum,,,imperfektivní,5.3.32; 5.3.33; 6.7.2,Emotions; Health care
bonbon,A1,slovo,substantivum,maskulinum,singulár,,6.3.9,Food
boty,A1,slovo,substantivum,femininum,plurál,,6.6.5; 6.8.2; 6.8.3,Work; Shopping and services
bouřka,A2,slovo,substantivum,femininum,singulár,,6.13.3,Environment and weather
bowling,A2,slovo,substantivum,maskulinum,singulár,,6.5.6,Free time
bramborová kaše,A2,sousloví,,,,,6.3.8,Food
bramborový,A2,slovo,adjektivum,,,,6.3.8,Food
brambory,A1,slovo,substantivum,maskulinum,plurál,,6.3.8,Food
brát,A1,slovo,verbum,,,imperfektivní,6.6.6; 6.7.4; 6.8.6; 6.11.4,Work; Health care; Shopping and services; Offices
bratr,A1,slovo,substantivum,maskulinum,singulár,,6.1.13,"Personal details, family"
bratranec,A2,slovo,substantivum,maskulinum,singulár,,6.1.13,"Personal details, family"
brigáda,A1,slovo,substantivum,femininum,singulár,,6.6.5,Work
brigádnice,A2,slovo,substantivum,femininum,singulár,,6.6.2,Work
brigádník,A2,slovo,substantivum,maskulinum,singulár,,6.6.2,Work
bronchitida,A2,slovo,substantivum,femininum,singulár,,6.7.5,Health care
broskev,A2,slovo,substantivum,femininum,singulár,,6.3.10,Food
brusle,A2,slovo,substantivum,femininum,plurál,,6.5.9,Free time
bruslit,A1,slovo,verbum,,,imperfektivní,6.5.7,Free time
brýle,A1,slovo,substantivum,femininum,,,6.1.14; 6.6.5,"Personal details, family; Work"
brzo,A1,slovo,adverbium,,,,4.5.8,Time
brzo se uzdravte,A2,fráze,,,,,5.5.34,Social rituals
březen,A1,slovo,substantivum,maskulinum,singulár,,4.5.1,Time
březnový,A2,slovo,adjektivum,,,,4.5.1,Time
břicho,A1,slovo,substantivum,neutrum,singulár,,6.7.1,Health care
buď tak hodný,A2,fráze,,,,,5.4.5,Influencing others
buddhista,A2,slovo,substantivum,maskulinum,singulár,,6.1.11,"Personal details, family"
buddhistka,A2,slovo,substantivum,femininum,singulár,,6.1.11,"Personal details, family"
bude mi x let,A1,fráze,,,,,6.1.6,"Personal details, family"
budík,A2,slovo,substantivum,maskulinum,singulár,,6.4.1,Daily routine
budit se,A2,slovo,verbum,,,imperfektivní,6.4.1,Daily routine
budoucnost,A2,slovo,substantivum,femininum,singulár,,4.5.4,Time
budova,A2,slovo,substantivum,femininum,singulár,,6.10.2,Education
buďte tak hodný,A1,fráze,,,,,5.4.4; 5.4.5; 5.4.19,Influencing others
buďte tak hodný a,A2,fráze,,,,,5.4.4,Influencing others
budvar,A2,slovo,substantivum,maskulinum,singulár,,6.3.14,Food
bunda,A1,slovo,substantivum,femininum,singulár,,6.8.3,Shopping and services
bydlení,A2,slovo,substantivum,neutrum,singulár,,6.2.2; 6.2.6; 6.11.5,Housing; Offices
bydlet,A1,slovo,verbum,,,imperfektivní,6.1.3; 6.2.1,"Personal details, family; Housing"
bydlet u,A2,vazba,,,,,6.1.3; 6.2.2,"Personal details, family; Housing"
bydliště,A1,slovo,substantivum,neutrum,singulár,,6.1.3,"Personal details, family"
byt,A1,slovo,substantivum,maskulinum,singulár,,6.2.1; 6.2.6,Housing
být,A1,slovo,verbum,,,imperfektivní,4.1.1; 4.1.3; 4.3.4; 4.4.1; 4.5.1; 4.5.12; 5.1.1; 5.2.1; 5.3.31; 5.4.2; 5.4.4; 5.4.5,Existence; Size and measures; Space; Time; Giving information; Attitudes to information; Emotions; Influencing others
byt 3+1,A1,slovo,substantivum,maskulinum,singulár,,5.4.9; 5.5.1; 5.5.18; 5.6.9; 6.6.1; 6.2.1,Influencing others; Social rituals; Discourse; Work; Housing
"být hodný, že",A1,fráze,,,,,5.4.2,Influencing others
být líto,A2,fráze,,,,,5.5.1,Social rituals
být nudné,A2,fráze,,,,,5.3.16,Emotions
být rád/a/rádi,A1,sousloví,,,,,5.3.26,Emotions
"být rád/a/rádi, že",A1,fráze,,,,,5.3.18,Emotions
být ... roků/let,A2,fráze,,,,,4.6.13,Qualities
"být šťastný, že",A2,fráze,,,,,5.3.18,Emotions
být v provozu,A1,sousloví,,,,,4.6.11,Qualities
být z,A1,vazba,,,,,6.1.10,"Personal details, family"
být zajímavé,A1,fráze,,,,,5.3.14; 5.3.15,Emotions
CD,A1,slovo,substantivum,neutrum,singulár,,6.5.5,Free time
cédéčko,A1,slovo,substantivum,neutrum,singulár,,6.5.5,Free time
cela,A2,slovo,substantivum,femininum,singulár,,6.12.1,Police and emergencies
celer,A2,slovo,substantivum,maskulinum,singulár,,6.3.10,Food
celní,A2,slovo,adjektivum,,,,6.9.12,Travel
celnice,A2,slovo,substantivum,femininum,singulár,,6.9.12,Travel
celý,A1,slovo,adjektivum,,,,4.2.3; 6.6.5,Quantity; Work
celý úvazek,A2,sousloví,,,,,6.6.5,Work
cena,A1,slovo,substantivum,femininum,singulár,,4.6.12; 6.8.4; 6.8.6,Qualities; Shopping and services
centimetr,A1,slovo,substantivum,maskulinum,singulár,,4.3.2; 4.3.3,Size and measures
centrum,A2,slovo,substantivum,neutrum,singulár,,6.8.1,Shopping and services
certifikovaný,A2,slovo,adjektivum,,,,6.10.8,Education
cesta,A1,slovo,substantivum,femininum,singulár,,6.9.12,Travel
cestovat,A1,slovo,verbum,,,imperfektivní,6.5.2; 6.5.6,Free time
cestovní,A2,slovo,adjektivum,,,,6.8.8,Shopping and services
cestovní kancelář,A2,sousloví,,,,,6.8.8,Shopping and services
cestující,A1,slovo,substantivum,maskulinum,singulár,,6.9.8,Travel
cibule,A1,slovo,substantivum,femininum,singulár,,6.3.10,Food
cirkus,A1,slovo,substantivum,maskulinum,singulár,,6.5.10,Free time
cítit,A1,slovo,verbum,,,imperfektivní,4.6.7,Qualities
citron,A1,slovo,substantivum,maskulinum,singulár,,6.3.10,Food
cizí,A1,slovo,adjektivum,,,,4.8.9; 6.14.1,Logical relations; Contact with Czech society
cizinec,A1,slovo,substantivum,maskulinum,singulár,,6.1.9; 6.11.6; 6.14.2,"Personal details, family; Offices; Contact with Czech society"
cizinecký,A1,slovo,adjektivum,,,,6.12.1,Police and emergencies
cizinka,A1,slovo,substantivum,femininum,singulár,,6.1.9; 6.14.2,"Personal details, family; Contact with Czech society"
co,A1,slovo,pronomen,,,,4.6.9; 5.1.8; 5.2.30; 5.2.35; 5.3.4; 5.3.22; 5.33.29,Qualities; Giving information; Attitudes to information; Emotions
co je to,A1,sousloví,,,,,5.4.8; 5.7.1; 5.7.6,Influencing others; Communication strategies
co mám dělat,A2,fráze,,,,,5.4.14,Influencing others
co máš/máte nejraději,A2,fráze,,,,,5.3.10,Emotions
co máš/máte rád/a/rádi,A1,fráze,,,,,5.3.4,Emotions
co rád/a/nerad/a děláš/děláte,A1,fráze,,,,,5.3.1,Emotions
co rádi/neradi děláš/děláte,A1,fráze,,,,,5.3.1,Emotions
co rád/a jíš/jíte,A1,fráze,,,,,5.3.4,Emotions
co rádi jíte,A1,fráze,,,,,5.3.4,Emotions
co rád/a piješ/pijete,A1,fráze,,,,,5.3.4,Emotions
co rádi pijete,A1,fráze,,,,,5.3.4,Emotions
co se děje,A2,fráze,,,,,4.1.3; 5.1.8; 5.5.2,Existence; Giving information; Social rituals
co se ti/vám (ne)líbí,A1,fráze,,,,,5.3.1,Emotions
co si o tom myslíš/myslíte,A2,fráze,,,,,5.4.1,Influencing others
co tě/vás bolí,A1,fráze,,,,,5.3.32,Emotions
co tě/vás trápí,A2,fráze,,,,,5.3.32,Emotions
co ti/vám (ne)chutná,A1,fráze,,,,,5.3.4,Emotions
co tomu říkáš/říkáte,A2,fráze,,,,,5.4.1,Influencing others
co znamená,A1,fráze,,,,,5.7.6,Communication strategies
cukr,A1,slovo,substantivum,maskulinum,singulár,,6.3.13,Food
cukrárna,A1,slovo,substantivum,femininum,singulár,,6.8.1,Shopping and services
cukrovka,A1,slovo,substantivum,femininum,singulár,,6.7.5,Health care
cvičení,A1,slovo,substantivum,neutrum,singulár,,6.10.5; 6.10.6,Education
cvičit,A1,slovo,verbum,,,imperfektivní,6.5.7; 6.10.5,Free time; Education
cyklistika,A2,slovo,substantivum,femininum,singulár,,6.5.7,Free time
cyklostezka,A2,slovo,substantivum,femininum,singulár,,6.9.4,Travel
čaj,A1,slovo,substantivum,maskulinum,singulár,,6.3.14,Food
čára,A2,slovo,substantivum,femininum,singulár,,4.6.1,Qualities
čas,A1,slovo,substantivum,maskulinum,singulár,,4.5.1,Time
časopis,A1,slovo,substantivum,maskulinum,singulár,,6.5.14,Free time
časový,A2,slovo,adjektivum,,,,6.9.8,Travel
část,A2,slovo,substantivum,femininum,singulár,,4.2.3,Quantity
často,A1,slovo,adverbium,,,,4.5.13; 5.1.8,Time; Giving information
čau,A1,slovo,interjekce,,,,5.5.15,Social rituals
čekárna,A1,slovo,substantivum,femininum,singulár,,6.7.7; 6.9.10,Health care; Travel
čekat,A1,slovo,verbum,,,imperfektivní,6.9.10,Travel
čelo,A2,slovo,substantivum,neutrum,singulár,,6.7.1,Health care
čepice,A1,slovo,substantivum,femininum,singulár,,6.8.3,Shopping and services
černoch,A2,slovo,substantivum,maskulinum,singulár,,6.1.14,"Personal details, family"
černoška,A2,slovo,substantivum,femininum,singulár,,6.1.14,"Personal details, family"
černý,A1,slovo,adjektivum,,,,4.6.8,Qualities
čerpací,A2,slovo,adjektivum,,,,6.9.5,Travel
čerpací stanice,A2,sousloví,,,,,6.9.5,Travel
čerstvý,A1,slovo,adjektivum,,,,6.3.7,Food
červen,A1,slovo,substantivum,maskulinum,singulár,,4.5.1,Time
červená,A2,slovo,substantivum,femininum,singulár,,6.9.4,Travel
červenec,A1,slovo,substantivum,maskulinum,singulár,,4.5.1,Time
červený,A1,slovo,adjektivum,,,,4.6.8; 6.3.14,Qualities; Food
česat se,A1,slovo,verbum,,,imperfektivní,6.4.2,Daily routine
česky,A1,slovo,adverbium,,,,5.7.9; 6.14.1,Communication strategies; Contact with Czech society
česnek,A1,slovo,substantivum,maskulinum,singulár,,6.3.10,Food
čeština,A1,slovo,substantivum,femininum,singulár,,6.10.7; 6.14.1,Education; Contact with Czech society
čí,A1,slovo,pronomen,,,,4.8.9; 5.1.8,Logical relations; Giving information
činnost,A2,slovo,substantivum,femininum,singulár,,6.6.5,Work
číslice,A2,slovo,substantivum,femininum,singulár,,4.2.1,Quantity
číslo,A1,slovo,substantivum,neutrum,singulár,,4.2.1; 4.3.1; 5.6.11; 5.6.15,Quantity; Size and measures; Discourse
číst,A1,slovo,verbum,,,imperfektivní,6.1.3; 6.1.4; 6.1.12; 6.8.5; 6.5.2; 6.5.14; 6.10.5,"Personal details, family; Shopping and services; Free time; Education"
čisticí,A2,slovo,adjektivum,,,,6.14.1; 6.4.3,Contact with Czech society; Daily routine
čisticí prostředek,A2,sousloví,,,,,6.4.3,Daily routine
čistírna,A1,slovo,substantivum,femininum,singulár,,6.8.8,Shopping and services
čistit,A1,slovo,verbum,,,imperfektivní,4.6.3; 6.4.2; 6.4.3; 6.8.9,Qualities; Daily routine; Shopping and services
čistit si zuby,A1,sousloví,,,,,6.4.2,Daily routine
čisto,A2,slovo,adverbium,,,,4.6.3,Qualities
čistý,A1,slovo,adjektivum,,,,4.6.3; 6.6.6,Qualities; Work
čistý plat,A1,sousloví,,,,,6.6.6,Work
číšnice,A1,slovo,substantivum,femininum,singulár,,6.3.3; 6.6.1,Food; Work
číšník,A1,slovo,substantivum,maskulinum,singulár,,6.3.3; 6.6.1,Food; Work
článek,A2,slovo,substantivum,maskulinum,singulár,,6.5.14,Free time
člen,A2,slovo,substantivum,maskulinum,singulár,,6.14.2,Contact with Czech society
členka,A2,slovo,substantivum,femininum,singulár,,6.14.2,Contact with Czech society
člověk,A1,slovo,substantivum,maskulinum,singulár,,6.1.15,"Personal details, family"
čokoláda,A1,slovo,substantivum,femininum,singulár,,6.3.9,Food
čtenář,A2,slovo,substantivum,maskulinum,singulár,,6.5.14,Free time
čtenářka,A2,slovo,substantivum,femininum,singulár,,6.5.14,Free time
čtverec,A2,slovo,substantivum,maskulinum,singulár,,4.6.1,Qualities
čtvereční,A2,slovo,adjektivum,,,,4.3.7,Size and measures
čtvrt,A2,slovo,substantivum,femininum,singulár,,4.2.3; 4.5.1,Quantity; Time
čtvrt hodiny,A2,sousloví,,,,,4.5.1,Time
čtvrtek,A1,slovo,substantivum,maskulinum,singulár,,4.5.1,Time
čtvrtka,A2,slovo,substantivum,femininum,singulár,,4.2.3; 4.5.1,Quantity; Time
daleko,A1,slovo,adverbium,,,,4.3.4; 5.1.8,Size and measures; Giving information
dálnice,A1,slovo,substantivum,femininum,singulár,,6.9.4,Travel
další,A1,slovo,adjektivum,,,,4.2.4,Quantity
dámské vložky,A2,sousloví,,,,,6.4.2,Daily routine
dámský,A2,slovo,adjektivum,,,,6.4.2,Daily routine
dámy,A1,slovo,substantivum,femininum,plurál,,6.1.7,"Personal details, family"
daň,A2,slovo,substantivum,femininum,singulár,,6.11.3,Offices
daň z příjmu,A2,sousloví,,,,,6.11.3,Offices
daňové přiznání,A2,sousloví,,,,,6.11.3,Offices
daňový,A2,slovo,adjektivum,,,,6.11.3,Offices
dárek,A1,slovo,substantivum,maskulinum,singulár,,6.8.2,Shopping and services
dát,A1,slovo,verbum,,,perfektivní,4.4.7; 4.4.14; 6.6.5; 6.7.4,Space; Work; Health care
dát na místo,A2,vazba,,,,,4.4.14,Space
dát pozor,A2,sousloví,,,,,6.10.5,Education
dát si,A1,slovo,verbum,,,perfektivní,5.5.8; 6.3.3; 6.8.4,Social rituals; Food; Shopping and services
dát výpověď,A2,sousloví,,,,,6.6.5,Work
datová schránka,A2,sousloví,,,,,6.8.11,Shopping and services
datový,A2,slovo,adjektivum,,,,6.8.11; 6.10.3,Shopping and services; Education
datový projektor,A2,sousloví,,,,,6.10.3,Education
datum,A1,slovo,substantivum,neutrum,singulár,,4.5.1; 6.1.5,"Time; Personal details, family"
datum narození,A1,sousloví,,,,,6.1.5,"Personal details, family"
dávat,A2,slovo,verbum,,,imperfektivní,4.4.7; 6.5.3; 6.5.10,Space; Free time
dávat pozor,A2,sousloví,,,,,6.10.5,Education
"dávej/te pozor, ať",A2,fráze,,,,,5.4.13,Influencing others
dávka,A2,slovo,substantivum,femininum,singulár,,6.11.5,Offices
dávka pro zdravotně postižené,A2,sousloví,,,,,6.11.5,Offices
dcera,A1,slovo,substantivum,femininum,singulár,,6.1.13,"Personal details, family"
deci,A2,slovo,substantivum,neutrum,singulár,,4.3.8,Size and measures
decilitr,A2,slovo,substantivum,maskulinum,singulár,,4.3.8,Size and measures
dědeček,A1,slovo,substantivum,maskulinum,singulár,,6.1.13,"Personal details, family"
"dej/te pozor, ať",A2,fráze,,,,,5.4.13,Influencing others
dějepis,A2,slovo,substantivum,maskulinum,singulár,,6.10.7,Education
dekagram,A2,slovo,substantivum,maskulinum,singulár,,4.3.6,Size and measures
deko,A2,slovo,substantivum,neutrum,singulár,,4.3.6,Size and measures
děkovat,A1,slovo,verbum,,,imperfektivní,5.4.19; 5.4.20; 5.5.3; 5.5.6; 5.5.9; 5.5.10; 5.5.21,Influencing others; Social rituals
děkujeme za zavolání + rozloučení,A2,fráze,,,,,5.5.26; 5.5.28; 5.6.19; 5.6.20,Social rituals; Discourse
děkuju,A1,slovo,verbum,,,imperfektivní,5.5.3; 5.5.21; 5.5.23,Social rituals
děkuju za,A1,vazba,,,,,5.6.20; 5.5.3,Discourse; Social rituals
"děkuju, rád/a",A1,fráze,,,,,5.5.6; 5.5.9,Social rituals
dělat,A2,slovo,verbum,,,imperfektivní,5.1.8; 5.2.30; 5.3.22,Giving information; Attitudes to information; Emotions
dělat rád,A2,slovo,verbum,,,imperfektivní,5.3.29; 6.4.1; 6.5.7; 6.10.8; 5.3.10,Emotions; Daily routine; Free time; Education
dělat si,A2,slovo,verbum,,,imperfektivní,5.3.31,Emotions
dělat sport,A1,slovo,verbum,,,imperfektivní,6.5.7,Free time
"dělej(te) si, co chceš/chcete",A2,fráze,,,,,5.2.30; 5.3.29,Attitudes to information; Emotions
délka,A2,slovo,substantivum,femininum,singulár,,4.3.3,Size and measures
dělnice,A1,slovo,substantivum,femininum,singulár,,6.6.1,Work
dělník,A1,slovo,substantivum,maskulinum,singulár,,6.6.1,Work
demokratický,A1,slovo,adjektivum,,,,6.14.4,Contact with Czech society
den,A1,slovo,substantivum,maskulinum,singulár,,4.5.1; 5.5.14; 5.6.1,Time; Social rituals; Discourse
denně,A1,slovo,adverbium,,,,4.5.13,Time
denní,A2,slovo,adjektivum,,,,4.5.1; 6.3.5,Time; Food
denní nabídka,A2,sousloví,,,,,6.3.5,Food
deset,A1,slovo,,,,,4.2.1,Quantity
déšť,A1,slovo,substantivum,maskulinum,singulár,,6.13.3,Environment and weather
deštník,A1,slovo,substantivum,maskulinum,singulár,,6.8.3,Shopping and services
dešťové srážky,A2,sousloví,,,,,6.13.3,Environment and weather
detektivka,A2,slovo,substantivum,femininum,singulár,,6.5.3; 6.5.14,Free time
děti,A1,slovo,substantivum,femininum,plurál,,6.1.6; 6.1.13,"Personal details, family"
dětský,A2,slovo,adjektivum,,,,6.2.3; 6.7.6,Housing; Health care
dětský lékař,A1,sousloví,,,,,6.7.6,Health care
dětský pokoj,A2,sousloví,,,,,6.2.3,Housing
dévédéčko,A1,slovo,substantivum,neutrum,singulár,,6.5.5,Free time
dezert,A1,slovo,substantivum,maskulinum,singulár,,6.3.5; 6.3.9,Food
diabetička,A2,slovo,substantivum,femininum,singulár,,6.7.11,Health care
diabetik,A2,slovo,substantivum,maskulinum,singulár,,6.7.11,Health care
dieta,A2,slovo,substantivum,femininum,singulár,,6.7.4,Health care
dík(y),A2,slovo,interjekce,,,,5.5.3,Social rituals
dík(y) za,A2,vazba,,,,,5.5.3,Social rituals
"dík(y), že",A2,vazba,,,,,5.5.3,Social rituals
diplom,A1,slovo,substantivum,maskulinum,singulár,,6.10.9,Education
diskotéka,A1,slovo,substantivum,femininum,singulár,,6.5.11,Free time
diskusní,A2,slovo,adjektivum,,,,6.5.3,Free time
diskžokej,A2,slovo,substantivum,maskulinum,singulár,,6.5.12,Free time
dít se,A2,slovo,verbum,,,imperfektivní,4.1.3,Existence
dítě,A1,slovo,substantivum,neutrum,singulár,,4.6.13; 6.1.6; 6.1.13,"Qualities; Personal details, family"
divadlo,A1,slovo,substantivum,neutrum,singulár,,6.7.13; 6.11.5; 6.5.10,Health care; Offices; Free time
divák,A2,slovo,substantivum,maskulinum,singulár,,6.5.8,Free time
dívat se,A1,slovo,verbum,,,imperfektivní,4.6.4; 6.5.2; 6.8.5,Qualities; Free time; Shopping and services
dívka,A1,slovo,substantivum,femininum,singulár,,6.1.7,"Personal details, family"
divný,A2,slovo,adjektivum,,,,4.7.7,Evaluation
dlouho,A1,slovo,adverbium,,,,4.5.12; 5.1.8,Time; Giving information
dlouhodobý,A1,slovo,adjektivum,,,,6.11.6,Offices
dlouhý,A1,slovo,adjektivum,,,,4.3.3; 4.5.12; 6.1.14,"Size and measures; Time; Personal details, family"
dnes,A1,slovo,adverbium,,,,4.5.3,Time
dnešní,A2,slovo,adjektivum,,,,4.5.3,Time
do,A1,slovo,prepozice,,,,5.1.9; 5.6.12; 6.2.6; 6.6.5,Giving information; Discourse; Housing; Work
doba,A1,slovo,substantivum,femininum,singulár,,4.5.1; 6.6.5; 6.8.4,Time; Work; Shopping and services
doba neurčitá,A2,sousloví,,,,,6.6.5,Work
doba určitá,A2,sousloví,,,,,6.6.5,Work
dobírka,A2,slovo,substantivum,femininum,singulár,,6.8.7,Shopping and services
dobré ráno,A1,fráze,,,,,5.5.14,Social rituals
dobrou chuť,A1,fráze,,,,,5.5.31,Social rituals
dobrou noc,A1,fráze,,,,,5.5.14,Social rituals
dobrý,A1,slovo,adjektivum,,,,4.7.1; 4.7.4; 5.4.3; 5.4.9,Evaluation; Influencing others
dobrý den,A1,fráze,,,,,5.5.14; 5.5.26; 5.6.1,Social rituals; Discourse
dobrý na,A1,vazba,,,,,4.7.4,Evaluation
dobrý večer,A1,fráze,,,,,5.5.14,Social rituals
dobře,A1,slovo,adverbium,,,,5.4.2; 5.4.9,Influencing others
docela,A2,slovo,adverbium,,,,4.2.8,Quantity
docent,A2,slovo,substantivum,maskulinum,singulár,,6.10.4,Education
docentka,A2,slovo,substantivum,femininum,singulár,,6.10.4,Education
dodržovat,A2,slovo,verbum,,,imperfektivní,6.6.5,Work
dohoda,A2,slovo,substantivum,femininum,singulár,,6.6.5,Work
dohoda o pracovní činnosti,A2,sousloví,,,,,6.6.5,Work
dohoda o provedení práce,A2,sousloví,,,,,6.6.5,Work
dohromady,A1,slovo,adverbium,,,,6.3.3,Food
dokdy,A2,slovo,adverbium,,,,4.5.10; 5.1.8,Time; Giving information
doklad,A1,slovo,substantivum,maskulinum,singulár,,6.1.12; 6.9.6; 6.11.1,"Personal details, family; Travel; Offices"
doklad o pojištění,A1,sousloví,,,,,6.1.12,"Personal details, family"
dokument,A2,slovo,substantivum,maskulinum,singulár,,6.5.3,Free time
dole,A1,slovo,adverbium,,,,4.4.2,Space
doleva,A2,slovo,adverbium,,,,4.4.19,Space
dolní,A2,slovo,adjektivum,,,,4.4.2,Space
dolů,A1,slovo,adverbium,,,,4.4.19,Space
doma,A1,slovo,adverbium,,,,4.4.2,Space
domácí,A1,slovo,adjektivum,,,,6.2.5; 6.4.3; 6.8.1,Housing; Daily routine; Shopping and services
domácí potřeby,A2,sousloví,,,,,6.8.1,Shopping and services
domácí práce,A1,sousloví,,,,,6.4.1; 6.4.3,Daily routine
domácí spotřebič,A1,sousloví,,,,,6.2.5,Housing
domácnost,A1,slovo,substantivum,femininum,singulár,,6.6.2,Work
domů,A1,slovo,adverbium,,,,4.4.19,Space
dopis,A1,slovo,substantivum,maskulinum,singulár,,6.8.11,Shopping and services
doplácet,A2,slovo,verbum,,,imperfektivní,6.8.6,Shopping and services
doplatek,A2,slovo,substantivum,maskulinum,singulár,,6.2.6,Housing
doplatit,A2,slovo,verbum,,,perfektivní,6.8.6,Shopping and services
dopoledne,A1,slovo,adverbium,,,,4.5.1,Time
dopolední,A2,slovo,adjektivum,,,,4.5.1,Time
doporučeně,A2,slovo,adverbium,,,,6.8.11,Shopping and services
doporučený,A2,slovo,adjektivum,,,,6.8.11,Shopping and services
doporučit,A1,slovo,verbum,,,perfektivní,6.3.3; 6.8.6,Food; Shopping and services
doporučovat,A2,slovo,verbum,,,imperfektivní,6.3.3,Food
doprava,A1,slovo,adverbium,,,,4.4.19,Space
doprava,A2,slovo,substantivum,femininum,singulár,,6.5.4,Free time
dopravní,A2,slovo,adjektivum,,,,6.9.1; 6.9.4; 6.9.6,Travel
dopravní prostředek,A2,sousloví,,,,,6.9.1,Travel
dopravní značka,A1,sousloví,,,,,6.9.4,Travel
doprostřed,A2,slovo,adverbium,,,,4.4.19,Space
dopředu,A1,slovo,adverbium,,,,4.4.19,Space
dort,A1,slovo,substantivum,maskulinum,singulár,,6.3.9,Food
dospělý,A1,slovo,substantivum,maskulinum,singulár,,4.6.13; 6.1.6,"Qualities; Personal details, family"
dost,A2,slovo,adverbium,,,,4.2.3; 4.2.8; 5.3.34,Quantity; Emotions
dostat,A2,slovo,verbum,,,perfektivní,6.6.5; 6.10.8; 6.11.1,Work; Education; Offices
dostat výpověď,A2,sousloví,,,,,6.6.5,Work
dostavit se,A2,slovo,verbum,,,perfektivní,6.11.8,Offices
doufat,A2,slovo,verbum,,,imperfektivní,5.3.37,Emotions
dovnitř,A2,slovo,adverbium,,,,4.4.19,Space
dovolat se do,A2,vazba,,,,,5.6.12,Discourse
dovolená,A1,slovo,substantivum,femininum,singulár,,6.5.1; 6.6.2; 6.11.4,Free time; Work; Offices
dovolit,A2,slovo,verbum,,,perfektivní,5.4.20; 5.5.16,Influencing others; Social rituals
"dovolte, abych vám představil/a",A2,fráze,,,,,5.5.20,Social rituals
dozadu,A1,slovo,adverbium,,,,4.4.19,Space
DPČ,A1,sousloví,,,,,6.6.5,Work
DPH,A1,sousloví,,,,,6.8.7; 6.11.3,Shopping and services; Offices
DPP,A1,sousloví,,,,,6.6.5,Work
drahý,A1,slovo,adjektivum,,,,4.6.12; 6.2.2; 6.8.4,Qualities; Housing; Shopping and services
dres,A2,slovo,substantivum,maskulinum,singulár,,6.5.9,Free time
drobné,A1,slovo,substantivum,neutrum,plurál,,6.8.7,Shopping and services
drobný,A2,slovo,adjektivum,,,,6.1.14,"Personal details, family"
droga,A2,slovo,substantivum,femininum,singulár,,6.9.6,Travel
drogerie,A1,slovo,substantivum,femininum,singulár,,6.8.1,Shopping and services
drůbež,A1,slovo,substantivum,femininum,singulár,,6.3.7,Food
druh,A2,slovo,substantivum,maskulinum,singulár,,6.1.8,"Personal details, family"
druhý,A1,slovo,,,,,4.2.4,Quantity
druhý stupeň,A2,sousloví,,,,,6.10.1,Education
družka,A2,slovo,substantivum,femininum,singulár,,6.1.8,"Personal details, family"
družstvo,A2,slovo,substantivum,neutrum,singulár,,6.5.8,Free time
držet,A2,slovo,verbum,,,imperfektivní,6.7.4,Health care
dřevěný,A2,slovo,adjektivum,,,,4.6.9,Qualities
dřevo,A2,slovo,substantivum,neutrum,singulár,,4.6.9; 6.2.5,Qualities; Housing
dřez,A2,slovo,substantivum,maskulinum,singulár,,6.2.4,Housing
dříve,A2,slovo,adverbium,,,,4.5.2,Time
duben,A1,slovo,substantivum,maskulinum,singulár,,4.5.1,Time
důchod,A1,slovo,substantivum,maskulinum,singulár,,6.11.4,Offices
důchodce,A1,slovo,substantivum,maskulinum,singulár,,6.6.2; 6.11.4,Work; Offices
důchodkyně,A1,slovo,substantivum,femininum,singulár,,6.6.2; 6.11.4,Work; Offices
důchodový,A2,slovo,adjektivum,,,,6.11.4,Offices
důležitý,A1,slovo,adjektivum,,,,4.7.6,Evaluation
dům,A1,slovo,substantivum,maskulinum,singulár,,6.1.3; 6.2.1; 6.5.10,"Personal details, family; Housing; Free time"
dusit,A2,slovo,verbum,,,imperfektivní,6.3.15,Food
dušený,A2,slovo,adjektivum,,,,6.3.7,Food
dva,A1,slovo,,,,,4.2.1,Quantity
dvacet,A1,slovo,,,,,4.2.1,Quantity
dvakrát,A1,slovo,,,,,4.5.13,Time
DVD,A1,slovo,substantivum,neutrum,singulár,,6.5.5,Free time
dveře,A1,slovo,substantivum,femininum,,,6.2.3,Housing
dvůr,A2,slovo,substantivum,maskulinum,singulár,,6.2.3,Housing
dýchat,A1,slovo,verbum,,,imperfektivní,6.7.2; 6.7.4,Health care
dýchejte zhluboka,A1,fráze,,,,,6.7.4,Health care
džem,A2,slovo,substantivum,maskulinum,singulár,,6.3.13,Food
džíny,A2,slovo,substantivum,maskulinum,,,6.8.3,Shopping and services
džus,A1,slovo,substantivum,maskulinum,singulár,,6.3.14,Food
ekonomie,A1,slovo,substantivum,femininum,singulár,,6.10.7,Education
elektrický,A2,slovo,adjektivum,,,,6.2.5; 6.8.2,Housing; Shopping and services
elektrický spotřebič,A2,sousloví,,,,,6.8.2,Shopping and services
elektrikář,A2,slovo,substantivum,maskulinum,singulár,,6.8.10,Shopping and services
elektronický,A2,slovo,adjektivum,,,,6.5.15,Free time
elektronika,A2,slovo,substantivum,femininum,singulár,,6.8.1,Shopping and services
elektřina,A1,slovo,substantivum,femininum,singulár,,6.2.5; 6.2.6,Housing
e-mail,A1,slovo,substantivum,maskulinum,singulár,,6.1.4,"Personal details, family"
e-mailový,A2,slovo,adjektivum,,,,6.1.4,"Personal details, family"
empétrojka,A1,slovo,substantivum,femininum,singulár,,6.5.5,Free time
Evropská unie,A1,sousloví,,,,,6.14.3,Contact with Czech society
evropský,A1,slovo,adjektivum,,,,6.14.3,Contact with Czech society
expres,A2,slovo,substantivum,maskulinum,singulár,,6.8.11,Shopping and services
facebook,A2,slovo,substantivum,maskulinum,singulár,,6.1.4; 6.5.5,"Personal details, family; Free time"
fakt,A2,slovo,substantivum,maskulinum,singulár,,5.2.1; 5.2.17,Attitudes to information
fakulta,A1,slovo,substantivum,femininum,singulár,,6.10.1,Education
fandit,A2,slovo,verbum,,,imperfektivní,6.5.8,Free time
fanoušek,A2,slovo,substantivum,maskulinum,singulár,,6.5.8,Free time
farma,A1,slovo,substantivum,femininum,singulár,,6.6.3,Work
farmář,A1,slovo,substantivum,maskulinum,singulár,,6.6.1,Work
farmářka,A1,slovo,substantivum,femininum,singulár,,6.6.1,Work
fast food,A2,slovo,substantivum,maskulinum,singulár,,6.3.2,Food
fax,A1,slovo,substantivum,maskulinum,singulár,,6.1.4,"Personal details, family"
fén,A2,slovo,substantivum,maskulinum,singulár,,6.4.2,Daily routine
fialový,A1,slovo,adjektivum,,,,4.6.8,Qualities
film,A1,slovo,substantivum,maskulinum,singulár,,6.5.3; 6.5.6; 6.5.10,Free time
firma,A1,slovo,substantivum,femininum,singulár,,6.6.3,Work
fitness,A1,slovo,substantivum,neutrum,singulár,,6.5.9,Free time
fix,A2,slovo,substantivum,maskulinum,singulár,,6.10.3,Education
fond,A2,slovo,substantivum,maskulinum,singulár,,6.2.6,Housing
formulář,A2,slovo,substantivum,maskulinum,singulár,,6.11.6,Offices
fotbal,A1,slovo,substantivum,maskulinum,singulár,,6.5.7,Free time
fotbalista,A1,slovo,substantivum,maskulinum,singulár,,6.5.7,Free time
fotografovat,A1,slovo,verbum,,,imperfektivní,6.5.6,Free time
foukat,A1,slovo,verbum,,,imperfektivní,6.13.3,Environment and weather
fungovat,A1,slovo,verbum,,,imperfektivní,4.6.11; 6.2.5,Qualities; Housing
fyzická osoba,A2,sousloví,,,,,6.6.8,Work
fyzický,A2,slovo,adjektivum,,,,6.6.8,Work
fyzika,A1,slovo,substantivum,femininum,singulár,,6.10.7,Education
galerie,A1,slovo,substantivum,femininum,singulár,,6.5.10,Free time
garáž,A1,slovo,substantivum,femininum,singulár,,6.2.3,Housing
garsonka,A2,slovo,substantivum,femininum,singulár,,6.2.1,Housing
gauč,A1,slovo,substantivum,maskulinum,singulár,,6.2.4,Housing
GPS,A2,slovo,substantivum,femininum,singulár,,6.1.3; 6.9.3,"Personal details, family; Travel"
gram,A1,slovo,substantivum,maskulinum,singulár,,4.3.6,Size and measures
gratulovat,A2,slovo,verbum,,,imperfektivní,5.5.25,Social rituals
grilovaný,A2,slovo,adjektivum,,,,6.3.7,Food
grilovat,A2,slovo,verbum,,,imperfektivní,6.3.15,Food
guláš,A1,slovo,substantivum,maskulinum,singulár,,6.3.6,Food
guma,A2,slovo,substantivum,femininum,singulár,,4.6.9,Qualities
gymnastika,A2,slovo,substantivum,femininum,singulár,,6.5.7,Free time
gynekolog,A1,slovo,substantivum,maskulinum,singulár,,6.7.6,Health care
gynekoložka,A1,slovo,substantivum,femininum,singulár,,6.7.6,Health care
halenka,A2,slovo,substantivum,femininum,singulár,,6.8.3,Shopping and services
haló,A1,slovo,interjekce,,,,5.5.11; 5.6.6; 5.6.16,Social rituals; Discourse
"haló, slyšíš/slyšíte mě?",A1,fráze,,,,,5.6.16,Discourse
hasič,A1,slovo,substantivum,maskulinum,singulár,,6.12.2,Police and emergencies
hele,A2,slovo,interjekce,,,,5.5.11,Social rituals
herec,A1,slovo,substantivum,maskulinum,singulár,,6.5.12,Free time
herečka,A1,slovo,substantivum,femininum,singulár,,6.5.12,Free time
hezké Velikonoce,A1,fráze,,,,,5.5.33,Social rituals
hezký,A1,slovo,adjektivum,,,,5.3.2; 5.4.2; 5.4.3; 5.5.33,Emotions; Influencing others; Social rituals
hezký den,A1,fráze,,,,,6.1.14; 5.33,"Personal details, family"
hi-fi,A2,slovo,substantivum,neutrum,,,6.2.5,Housing
hi-fi věž,A2,sousloví,,,,,6.2.5,Housing
hlad,A1,slovo,substantivum,maskulinum,singulár,,6.3.1,Food
hladká mouka,A2,sousloví,,,,,6.3.13,Food
hladký,A2,slovo,adjektivum,,,,6.3.13,Food
hlas,A2,slovo,substantivum,maskulinum,singulár,,4.6.5,Qualities
hláskovat,A1,slovo,verbum,,,imperfektivní,5.7.8,Communication strategies
hlasová schránka,A2,sousloví,,,,,5.6.13,Discourse
hlasovat,A2,slovo,verbum,,,imperfektivní,6.14.3,Contact with Czech society
hlasový,A2,slovo,adjektivum,,,,5.6.13,Discourse
hlava,A1,slovo,substantivum,femininum,singulár,,6.7.1,Health care
hlavní,A1,slovo,adjektivum,,,,6.3.5; 6.9.4; 6.14.4,Food; Travel; Contact with Czech society
hlavní jídlo,A1,sousloví,,,,,6.3.5,Food
hledat,A1,slovo,verbum,,,imperfektivní,6.6.7,Work
hloubka,A2,slovo,substantivum,femininum,singulár,,4.3.3,Size and measures
hloupý,A1,slovo,adjektivum,,,,6.1.15,"Personal details, family"
hluboko,A2,slovo,adverbium,,,,4.3.3,Size and measures
hluboký,A2,slovo,adjektivum,,,,4.3.3,Size and measures
hlučný,A2,slovo,adjektivum,,,,4.6.5,Qualities
hluk,A1,slovo,substantivum,maskulinum,singulár,,4.6.5,Qualities
hmotná nouze,A2,sousloví,,,,,6.11.5,Offices
hmotný,A2,slovo,adjektivum,,,,6.11.5,Offices
hmyz,A2,slovo,substantivum,maskulinum,singulár,,6.13.2,Environment and weather
hned,A1,slovo,adverbium,,,,4.3.4; 4.5.7; 5.4.17,Size and measures; Time; Influencing others
hned vedle,A2,sousloví,,,,,4.3.4,Size and measures
hnědý,A1,slovo,adjektivum,,,,4.6.8,Qualities
hnusný,A2,slovo,adjektivum,,,,5.3.3,Emotions
hobby,A1,slovo,substantivum,neutrum,singulár,,6.5.6,Free time
hodina,A1,slovo,substantivum,femininum,singulár,,4.5.1; 6.7.4; 6.10.6,Time; Health care; Education
hodiny,A1,slovo,substantivum,femininum,plurál,,6.11.1,Offices
hodit se,A2,slovo,verbum,,,imperfektivní,4.7.3; 5.5.7,Evaluation; Social rituals
hodně,A1,slovo,adverbium,,,,4.2.3; 4.2.8; 5.5.33,Quantity; Social rituals
hodně štěstí,A1,fráze,,,,,5.5.33,Social rituals
hodný,A1,slovo,adjektivum,,,,5.4.4; 5.4.5; 6.1.15; 6.10.4,"Influencing others; Personal details, family; Education"
hokej,A1,slovo,substantivum,maskulinum,singulár,,6.5.7,Free time
hokejista,A1,slovo,substantivum,maskulinum,singulár,,6.5.7,Free time
holicí,A2,slovo,adjektivum,,,,6.4.2,Daily routine
holicí strojek,A2,sousloví,,,,,6.4.2,Daily routine
holič,A1,slovo,substantivum,maskulinum,singulár,,6.8.10,Shopping and services
holičství,A1,slovo,substantivum,neutrum,singulár,,6.8.8,Shopping and services
holit se,A2,slovo,verbum,,,imperfektivní,6.4.2,Daily routine
holka,A1,slovo,substantivum,femininum,singulár,,6.1.7,"Personal details, family"
hora,A1,slovo,substantivum,femininum,singulár,,6.13.1,Environment and weather
horečka,A2,slovo,substantivum,femininum,singulár,,6.7.2,Health care
horko,A1,slovo,adverbium,,,,4.3.9,Size and measures
horký,A1,slovo,adjektivum,,,,4.3.9,Size and measures
horní,A2,slovo,adjektivum,,,,4.4.2,Space
hory,A1,slovo,substantivum,femininum,plurál,,6.13.1,Environment and weather
hořčice,A1,slovo,substantivum,femininum,singulár,,6.3.13,Food
hořet,A1,slovo,verbum,,,imperfektivní,6.12.2,Police and emergencies
hořký,A2,slovo,adjektivum,,,,4.6.6,Qualities
hospoda,A1,slovo,substantivum,femininum,singulár,,6.3.2; 6.5.2,Food; Free time
host,A1,slovo,substantivum,maskulinum,singulár,,6.14.2,Contact with Czech society
hotově,A1,slovo,adverbium,,,,6.3.3; 6.8.7,Food; Shopping and services
hotové jídlo,A2,sousloví,,,,,6.3.5,Food
hotový,A2,slovo,adjektivum,,,,6.3.5,Food
houska,A1,slovo,substantivum,femininum,singulár,,6.3.11,Food
houskový knedlík,A2,sousloví,,,,,6.3.8,Food
housle,A2,slovo,substantivum,femininum,,,6.5.6; 6.5.11,Free time
hovězí,A1,slovo,adjektivum,,,,6.3.7,Food
hovězí maso,A1,sousloví,,,,,6.3.7,Food
hra,A1,slovo,substantivum,femininum,singulár,,6.5.5; 6.5.10,Free time
hranice,A2,slovo,substantivum,femininum,singulár,,6.9.12,Travel
hranolky,A1,slovo,substantivum,maskulinum,plurál,,6.3.8; 6.5.10,Food; Free time
hrášek,A2,slovo,substantivum,maskulinum,singulár,,6.3.10,Food
hrát,A1,slovo,verbum,,,imperfektivní,6.5.5; 6.5.6; 6.5.7; 6.5.8,Free time
hrát na,A2,vazba,,,,,6.5.2; 6.5.6; 6.5.7,Free time
hrát proti,A2,vazba,,,,,7.1,
hrnec,A2,slovo,substantivum,maskulinum,singulár,,6.3.16,Food
hrnek,A2,slovo,substantivum,maskulinum,singulár,,4.2.3,Quantity
hrozit,A2,slovo,verbum,,,imperfektivní,6.12.3,Police and emergencies
hroznové víno,A2,sousloví,,,,,6.3.10,Food
hroznový,A2,slovo,adjektivum,,,,6.3.10,Food
hrubá mouka,A2,sousloví,,,,,6.3.13,Food
hrubá mzda,A1,sousloví,,,,,6.6.6,Work
hrubý,A2,slovo,adjektivum,,,,4.6.10; 6.3.13; 6.6.6,Qualities; Food; Work
hruška,A1,slovo,substantivum,femininum,singulár,,6.3.10,Food
hřeben,A2,slovo,substantivum,maskulinum,singulár,,6.4.2,Daily routine
hřiště,A1,slovo,substantivum,neutrum,singulár,,6.5.6; 6.5.9,Free time
hubený,A1,slovo,adjektivum,,,,6.1.14,"Personal details, family"
hudba,A1,slovo,substantivum,femininum,singulár,,6.5.4; 6.5.6; 6.5.15; 6.1.14,"Free time; Personal details, family"
hudební,A2,slovo,adjektivum,,,,6.5.3; 6.5.6,Free time
hudební nástroj,A2,sousloví,,,,,6.5.6,Free time
hudebnice,A1,slovo,substantivum,femininum,singulár,,6.5.12,Free time
hudebník,A1,slovo,substantivum,maskulinum,singulár,,6.5.12,Free time
hvězda,A2,slovo,substantivum,femininum,singulár,,6.13.1,Environment and weather
hygienické potřeby,A2,sousloví,,,,,6.8.2,Shopping and services
hygienický,A2,slovo,adjektivum,,,,6.8.2,Shopping and services
hypermarket,A1,slovo,substantivum,maskulinum,singulár,,6.8.1,Shopping and services
chalupa,A2,slovo,substantivum,femininum,singulár,,6.5.2,Free time
chápat,A2,slovo,verbum,,,imperfektivní,5.3.36,Emotions
chápu tě/vás,A2,fráze,,,,,5.3.36,Emotions
charita,A2,slovo,substantivum,femininum,singulár,,6.14.2,Contact with Czech society
chat,A2,slovo,substantivum,maskulinum,singulár,,6.5.5,Free time
chata,A1,slovo,substantivum,femininum,singulár,,6.5.2,Free time
chatovat,A2,slovo,verbum,,,imperfektivní,6.5.5,Free time
chce se + dativ zájmena + infinitiv,A2,vazba,,,,,5.3.11,Emotions
chemie,A2,slovo,substantivum,femininum,singulár,,6.10.7,Education
chirurg,A2,slovo,substantivum,maskulinum,singulár,,6.7.6,Health care
chirurgický,A2,slovo,adjektivum,,,,6.7.7,Health care
chladno,A1,slovo,adverbium,,,,4.3.9; 6.13.3,Size and measures; Environment and weather
chladný,A1,slovo,adjektivum,,,,4.3.9,Size and measures
chlapec,A1,slovo,substantivum,maskulinum,singulár,,6.1.7,"Personal details, family"
chleba,A1,slovo,substantivum,maskulinum,singulár,,6.3.11,Food
chodba,A2,slovo,substantivum,femininum,singulár,,6.2.3,Housing
chodit,A1,slovo,verbum,,,imperfektivní,4.4.4; 6.4.1; 6.5.2; 6.5.6,Space; Daily routine; Free time
chodit do,A1,vazba,,,,,6.5.11; 6.4.1,Free time; Daily routine
chodit na,A1,vazba,,,,,6.5.2,Free time
chodit spát,A1,sousloví,,,,,6.4.1,Daily routine
chodník,A2,slovo,substantivum,maskulinum,singulár,,6.9.4,Travel
chovat,A2,slovo,verbum,,,imperfektivní,6.5.6; 6.13.2,Free time; Environment and weather
chrám,A2,slovo,substantivum,maskulinum,singulár,,6.1.11,"Personal details, family"
chřipka,A1,slovo,substantivum,femininum,singulár,,6.7.5,Health care
chtěl/a bych + infinitiv,A1,vazba,,,,,5.2.38,Attitudes to information
chtít,A1,slovo,verbum,,,imperfektivní,5.2.30; 5.2.35; 5.2.36; 5.2.38; 5.3.10; 5.3.11,Attitudes to information; Emotions
chtít + infinitiv,A1,vazba,,,,,5.3.29; 5.4.8; 5.5.5; 5.2.30; 5.2.35; 5.2.36; 5.2.38; 5.3.10; 5.3.11,Emotions; Influencing others; Social rituals; Attitudes to information
chuť,A2,slovo,substantivum,femininum,singulár,,5.3.29; 5.4.8; 5.5.5; 4.6.6; 5.3.4; 5.3.5; 5.3.6,Emotions; Influencing others; Social rituals; Qualities
chuť na,A2,vazba,,,,,5.3.11; 5.5.5; 5.5.26; 5.3.4; 5.3.5; 5.3.6,Emotions; Social rituals
chutnat,A1,slovo,verbum,,,imperfektivní,4.6.6; 5.3.4; 5.3.5; 5.3.6,Qualities; Emotions
chutný,A2,slovo,adjektivum,,,,5.7.6; 4.6.6,Communication strategies; Qualities
chvíle,A1,slovo,substantivum,femininum,singulár,,4.5.1,Time
chyba,A1,slovo,substantivum,femininum,singulár,,4.7.2; 5.3.4; 6.8.7; 6.10.8,Evaluation; Emotions; Shopping and services; Education
chybět,A2,slovo,verbum,,,imperfektivní,4.1.1; 4.1.2,Existence
chytat,A2,slovo,verbum,,,imperfektivní,6.5.6,Free time
chytrý,A1,slovo,adjektivum,,,,6.1.15,"Personal details, family"
i,A1,slovo,konjunkce,,,,4.8.1,Logical relations
IČO,A1,sousloví,,,,,6.6.8,Work
infarkt,A1,slovo,substantivum,maskulinum,singulár,,6.7.5,Health care
informace,A1,slovo,substantivum,femininum,singulár,,6.9.10,Travel
informace o,A2,vazba,,,,,6.5.4,Free time
informatička,A2,slovo,substantivum,femininum,singulár,,6.6.1,Work
informatik,A1,slovo,substantivum,maskulinum,singulár,,6.6.1,Work
informatika,A1,slovo,substantivum,femininum,singulár,,6.10.7,Education
informovat,A1,slovo,verbum,,,imperfektivní,6.6.1,Work
Ing.,A1,slovo,substantivum,,singulár,,6.1.2,"Personal details, family"
injekce,A1,slovo,substantivum,femininum,singulár,,6.7.4; 6.7.8,Health care
instalatér,A2,slovo,substantivum,maskulinum,singulár,,6.8.10,Shopping and services
inteligentní,A2,slovo,adjektivum,,,,6.1.15,"Personal details, family"
internet,A2,slovo,substantivum,maskulinum,singulár,,6.2.5; 6.2.6,Housing
internetové bankovnictví,A2,sousloví,,,,,6.8.12,Shopping and services
internetový,A2,slovo,adjektivum,,,,6.8.1; 6.8.12,Shopping and services
interní,A2,slovo,adjektivum,,,,6.7.7,Health care
invalidní,A2,slovo,adjektivum,,,,6.11.4,Offices
inzerát,A1,slovo,substantivum,maskulinum,singulár,,6.6.7,Work
já,A1,slovo,pronomen,,,,5.6.16,Discourse
já nerad/a,A2,fráze,,,,,5.5.1,Social rituals
jablko,A1,slovo,substantivum,neutrum,singulár,,6.3.10,Food
jak,A1,slovo,adverbium,,,,4.3.2; 4.3.4; 5.1.8; 5.1.9,Size and measures; Giving information
jak často,A1,sousloví,,,,,4.5.13; 5.1.8,Time; Giving information
jak daleko,A1,sousloví,,,,,4.3.4; 5.1.8,Size and measures; Giving information
jak dlouho,A1,sousloví,,,,,4.5.12; 5.1.8,Time; Giving information
jak rychle,A1,sousloví,,,,,4.3.5,Size and measures
jak se čte,A1,fráze,,,,,5.7.7,Communication strategies
jak se jmenuje,A2,fráze,,,,,5.7.9,Communication strategies
jak se píše,A1,fráze,,,,,5.7.8,Communication strategies
jak se řekne česky,A1,fráze,,,,,5.7.9,Communication strategies
jak se správně vyslovuje slovo,A1,fráze,,,,,5.7.7,Communication strategies
jak se ti/vám líbí,A1,fráze,,,,,5.3.1,Emotions
jak se vyslovuje,A1,fráze,,,,,5.7.7,Communication strategies
jak starý,A1,sousloví,,,,,4.6.13,Qualities
jak ti/vám chutná,A1,fráze,,,,,5.3.4,Emotions
jak vysoko,A2,sousloví,,,,,4.3.2,Size and measures
jak vysoký,A1,sousloví,,,,,4.3.2,Size and measures
jako,A1,slovo,adverbium,,,,4.8.8,Logical relations
jaký,A1,slovo,pronomen,,,,5.1.8; 5.3.32,Giving information; Emotions
jaký význam má slovo,A2,fráze,,,,,5.7.6,Communication strategies
jakž takž,A2,slovo,adverbium,,,,5.5.17,Social rituals
jarní,A2,slovo,adjektivum,,,,4.5.1,Time
jaro,A1,slovo,substantivum,neutrum,singulár,,4.5.1,Time
jasno,A1,slovo,adverbium,,,,4.6.4; 6.13.3,Qualities; Environment and weather
jasný,A2,slovo,adjektivum,,,,4.6.4; 5.7.2,Qualities; Communication strategies
játra,A2,slovo,substantivum,neutrum,,,6.7.1,Health care
jazyk,A1,slovo,substantivum,maskulinum,singulár,,6.14.1,Contact with Czech society
jazyk,A1,slovo,substantivum,maskulinum,singulár,,6.7.1,Health care
jazykový,A1,slovo,adjektivum,,,,6.10.1,Education
jazyky,A1,slovo,substantivum,maskulinum,plurál,,6.10.7,Education
jazz,A1,slovo,substantivum,maskulinum,singulár,,6.5.15,Free time
jazzový,A2,slovo,adjektivum,,,,6.5.15,Free time
jde to,A2,fráze,,,,,5.5.17,Social rituals
je (po)třeba,A2,sousloví,,,,,5.2.32,Attitudes to information
"je chyba, že",A1,fráze,,,,,5.4.3,Influencing others
"je jasné, co říkám",A2,fráze,,,,,5.7.2,Communication strategies
je mi to líto,A2,fráze,,,,,5.3.21; 5.5.1,Emotions; Social rituals
je mi x let,A1,sousloví,,,,,4.6.13,Qualities
"je možné, že",A2,vazba,,,,,5.2.20; 5.2.23,Attitudes to information
je od tebe/vás hezké,A1,fráze,,,,,5.5.21,Social rituals
je od tebe/vás milé,A2,fráze,,,,,5.5.21,Social rituals
"je od vás hezké, že",A2,fráze,,,,,5.4.2,Influencing others
"je škoda, že",A1,fráze,,,,,6.9.7,Travel
je to dobře,A1,fráze,,,,,5.3.23; 5.3.24; 5.4.2,Emotions; Influencing others
je to fajn,A1,fráze,,,,,5.3.26,Emotions
je to jedno,A2,fráze,,,,,5.3.29,Emotions
je to milé,A2,fráze,,,,,5.5.21,Social rituals
je to možné,A2,fráze,,,,,5.2.20; 5.2.23; 5.3.28,Attitudes to information; Emotions
je to nudné,A2,fráze,,,,,5.3.16,Emotions
je to O.K.,A1,fráze,,,,,5.3.23; 5.3.24,Emotions
je to pravda,A1,fráze,,,,,5.2.7; 5.3.28,Attitudes to information; Emotions
je to tak,A2,fráze,,,,,5.2.1; 5.2.7,Attitudes to information
je to v pořádku,A1,fráze,,,,,4.6.11; 5.3.23; 5.3.24,Qualities; Emotions
je třeba,A2,sousloví,,,,,5.2.32,Attitudes to information
je zakázáno,A2,sousloví,,,,,5.2.31,Attitudes to information
je zavřeno,A1,sousloví,,,,,6.5.10,Free time
jeden,A1,slovo,,,,,4.2.1,Quantity
jednatel,A2,slovo,substantivum,maskulinum,singulár,,6.6.8,Work
jednatelka,A2,slovo,substantivum,femininum,singulár,,6.6.8,Work
jednou,A1,slovo,,,,,4.5.13; 5.7.3,Time; Communication strategies
jemný,A2,slovo,adjektivum,,,,4.6.6; 4.6.10,Qualities
jen,A1,slovo,adverbium,,,,4.2.7; 5.4.15,Quantity; Influencing others
jenom,A1,slovo,adverbium,,,,4.2.7,Quantity
jesle,A2,slovo,substantivum,femininum,,,6.10.1,Education
jestli,A2,slovo,konjunkce,,,,4.8.7; 5.1.7; 6.10.5,Logical relations; Giving information; Education
ještě,A1,slovo,adverbium,,,,4.5.11; 4.5.13; 5.7.3,Time; Communication strategies
jet,A1,slovo,verbum,,,imperfektivní,4.4.4; 6.9.1; 6.9.4,Space; Travel
jet do,A1,vazba,,,,,6.4.1,Daily routine
jet na,A1,vazba,,,,,6.9.1,Travel
jezdit,A1,slovo,verbum,,,imperfektivní,4.4.4; 6.9.1,Space; Travel
jezdit do,A1,vazba,,,,,6.4.1,Daily routine
jezdit na,A1,vazba,,,,,6.5.2; 6.5.6; 6.9.1,Free time; Travel
jezero,A2,slovo,substantivum,neutrum,singulár,,6.13.1,Environment and weather
jídelna,A1,slovo,substantivum,femininum,singulár,,6.3.2; 6.10.2,Food; Education
jídelní,A1,slovo,adjektivum,,,,6.3.3; 6.9.10,Food; Travel
jídelní lístek,A1,sousloví,,,,,6.3.3,Food
jídelní vůz,A2,sousloví,,,,,6.9.10,Travel
jídlo,A1,slovo,substantivum,neutrum,singulár,,6.3.1; 6.3.5,Food
jídlo na objednávku,A2,sousloví,,,,,6.3.5,Food
jih,A1,slovo,substantivum,maskulinum,singulár,,4.4.3,Space
jinam,A2,slovo,adverbium,,,,4.4.19,Space
jinde,A2,slovo,adverbium,,,,4.4.2,Space
jiný,A1,slovo,adjektivum,,,,4.8.8,Logical relations
jiný než,A1,vazba,,,,,4.8.8,Logical relations
jíst,A1,slovo,verbum,,,imperfektivní,6.3.1,Food
jistě,A2,slovo,adverbium,,,,5.2.16,Attitudes to information
jít,A1,slovo,verbum,,,imperfektivní,4.4.4; 6.4.1; 6.5.11; 6.7.4,Space; Daily routine; Free time; Health care
jít do,A1,vazba,,,,,5.3.34; 5.4.8; 6.4.1,Emotions; Influencing others; Daily routine
jít do školy,A1,sousloví,,,,,6.4.1,Daily routine
jít na nervy,A2,fráze,,,,,5.3.34,Emotions
jít spát,A1,sousloví,,,,,6.4.1,Daily routine
jízdenka,A1,slovo,substantivum,femininum,singulár,,6.9.8,Travel
jízdní,A1,slovo,adjektivum,,,,6.9.9,Travel
jízdní řád,A1,sousloví,,,,,6.9.9,Travel
jižní,A2,slovo,adjektivum,,,,4.4.3,Space
jméno,A1,slovo,substantivum,neutrum,singulár,,6.1.1,"Personal details, family"
jméno matky,A2,sousloví,,,,,6.1.1,"Personal details, family"
jméno otce,A2,sousloví,,,,,6.1.1,"Personal details, family"
jméno za svobodna,A2,sousloví,,,,,6.1.1,"Personal details, family"
jmenovat se,A1,slovo,verbum,,,imperfektivní,5.5.19; 5.7.9; 6.1.1,"Social rituals; Communication strategies; Personal details, family"
jo,A2,slovo,partikule,,,,5.2.1; 5.2.30,Attitudes to information
jogurt,A1,slovo,substantivum,maskulinum,singulár,,6.3.12,Food
"jsem rád/a, že vás poznávám",A2,fráze,,,,,5.5.17,Social rituals
JUDr.,A2,slovo,substantivum,,singulár,,6.1.2,"Personal details, family"
k,A2,slovo,prepozice,,,,6.1.11; 6.1.12; 6.2.5,"Personal details, family; Housing"
kabát,A1,slovo,substantivum,maskulinum,singulár,,6.8.3,Shopping and services
kabelka,A2,slovo,substantivum,femininum,singulár,,6.8.3,Shopping and services
kabinka,A1,slovo,substantivum,femininum,singulár,,6.8.5,Shopping and services
kadeřnice,A1,slovo,substantivum,femininum,singulár,,6.6.1; 6.8.10,Work; Shopping and services
kadeřnictví,A1,slovo,substantivum,neutrum,singulár,,6.8.8,Shopping and services
kadeřník,A2,slovo,substantivum,maskulinum,singulár,,6.6.1; 6.8.10,Work; Shopping and services
kafe,A1,slovo,substantivum,neutrum,singulár,,6.3.14,Food
kachna,A2,slovo,substantivum,femininum,singulár,,6.3.7,Food
kakao,A1,slovo,substantivum,neutrum,singulár,,6.3.14,Food
kalhoty,A1,slovo,substantivum,femininum,,,6.8.3,Shopping and services
kam,A1,slovo,adverbium,,,,4.4.3; 4.4.4; 4.4.5; 4.4.6; 4.4.7; 4.4.8; 4.4.9; 4.4.10,Space
kamarád,A1,slovo,substantivum,maskulinum,singulár,,4.4.11; 4.4.13; 4.4.14; 4.4.17; 5.1.8; 5.1.9; 6.14.2,Space; Giving information; Contact with Czech society
kamarádka,A1,slovo,substantivum,femininum,singulár,,6.14.2,Contact with Czech society
kámen,A1,slovo,substantivum,maskulinum,singulár,,4.6.9,Qualities
kamion,A2,slovo,substantivum,maskulinum,singulár,,6.9.1,Travel
kancelář,A1,slovo,substantivum,femininum,singulár,,6.8.8,Shopping and services
kapela,A2,slovo,substantivum,femininum,singulár,,6.5.12,Free time
kapesník,A2,slovo,substantivum,maskulinum,singulár,,6.4.2,Daily routine
kapky,A2,slovo,substantivum,femininum,,,6.8.6,Shopping and services
kapr,A2,slovo,substantivum,maskulinum,singulár,,6.3.7; 6.7.11,Food; Health care
kapusta,A2,slovo,substantivum,femininum,singulár,,6.3.10,Food
kardiolog,A2,slovo,substantivum,maskulinum,singulár,,6.7.6,Health care
karta,A1,slovo,substantivum,femininum,singulár,,6.5.6; 6.7.11; 6.8.7; 6.8.12,Free time; Health care; Shopping and services
karta pojištěnce,A1,sousloví,,,,,6.11.5; 6.7.11,Offices; Health care
kartáč,A2,slovo,substantivum,maskulinum,singulár,,6.4.2,Daily routine
kartáček,A1,slovo,substantivum,maskulinum,singulár,,6.4.2,Daily routine
karty,A1,slovo,substantivum,femininum,plurál,,6.5.6,Free time
kaše,A2,slovo,substantivum,femininum,singulár,,6.3.8,Food
kašel,A1,slovo,substantivum,maskulinum,singulár,,6.7.2,Health care
kašlat,A1,slovo,verbum,,,imperfektivní,6.7.2,Health care
katolička,A2,slovo,substantivum,femininum,singulár,,6.1.11,"Personal details, family"
katolík,A2,slovo,substantivum,maskulinum,singulár,,6.1.11,"Personal details, family"
káva,A1,slovo,substantivum,femininum,singulár,,6.3.14,Food
každý,A1,slovo,pronomen,,,,4.4.4; 4.5.13,Space; Time
kde,A1,slovo,adverbium,,,,4.4.1; 4.4.2; 4.4.3; 4.4.18,Space
kdo,A1,slovo,pronomen,,,,5.1.8; 5.1.9; 5.6.10,Giving information; Discourse
"kdo volá, prosím",A1,fráze,,,,,5.6.10,Discourse
kdy,A1,slovo,adverbium,,,,4.5.1; 4.5.3; 4.5.4; 4.5.9,Time
kdysi,A2,slovo,adverbium,,,,4.5.10; 5.1.8; 4.5.2,Time; Giving information
když,A2,slovo,konjunkce,,,,4.8.7,Logical relations
když myslíte,A2,fráze,,,,,5.2.4,Attitudes to information
když to říkáte,A2,fráze,,,,,5.2.2,Attitudes to information
kečup,A1,slovo,substantivum,maskulinum,singulár,,6.3.13,Food
keř,A2,slovo,substantivum,maskulinum,singulár,,6.13.2,Environment and weather
kilo,A1,slovo,substantivum,neutrum,singulár,,4.2.3; 4.3.6,Quantity; Size and measures
kilogram,A1,slovo,substantivum,maskulinum,singulár,,4.3.6,Size and measures
kilometr,A1,slovo,substantivum,maskulinum,singulár,,4.3.3; 4.3.7,Size and measures
kilometr čtvereční,A2,sousloví,,,,,4.3.7,Size and measures
kino,A1,slovo,substantivum,neutrum,singulár,,6.5.10,Free time
klasický,A1,slovo,adjektivum,,,,6.5.15,Free time
klávesnice,A2,slovo,substantivum,femininum,singulár,,6.5.5,Free time
klenotnictví,A2,slovo,substantivum,neutrum,singulár,,6.8.1,Shopping and services
klesat,A2,slovo,verbum,,,imperfektivní,4.3.9,Size and measures
klesnout,A2,slovo,verbum,,,perfektivní,4.3.9,Size and measures
klid,A1,slovo,substantivum,maskulinum,singulár,,4.6.5; 5.3.35,Qualities; Emotions
klidně,A2,slovo,adverbium,,,,5.2.29,Attitudes to information
klidný,A1,slovo,adjektivum,,,,4.6.5; 6.1.14,"Qualities; Personal details, family"
klobouk,A2,slovo,substantivum,maskulinum,singulár,,6.8.3,Shopping and services
klub,A2,slovo,substantivum,maskulinum,singulár,,6.14.2,Contact with Czech society
kluk,A1,slovo,substantivum,maskulinum,singulár,,6.1.7,"Personal details, family"
knedlík,A1,slovo,substantivum,maskulinum,singulár,,5.3.4; 6.3.8,Emotions; Food
kniha,A1,slovo,substantivum,femininum,singulár,,6.5.14; 6.10.2,Free time; Education
knihkupectví,A2,slovo,substantivum,neutrum,singulár,,6.8.1,Shopping and services
knihovna,A2,slovo,substantivum,femininum,singulár,,6.2.4; 6.5.14; 6.10.2,Housing; Free time; Education
knír,A2,slovo,substantivum,maskulinum,singulár,,6.1.14,"Personal details, family"
koberec,A2,slovo,substantivum,maskulinum,singulár,,6.2.4,Housing
kočka,A1,slovo,substantivum,femininum,singulár,,6.13.2,Environment and weather
kofola,A2,slovo,substantivum,femininum,singulár,,6.3.14,Food
kojit,A1,slovo,verbum,,,imperfektivní,6.7.10,Health care
kola,A1,slovo,substantivum,femininum,singulár,,6.3.14,Food
koláč,A2,slovo,substantivum,maskulinum,singulár,,6.3.11,Food
kolej,A2,slovo,substantivum,femininum,singulár,,6.2.1,Housing
kolej,A1,slovo,substantivum,femininum,singulár,,6.9.10,Travel
kolek,A1,slovo,substantivum,maskulinum,singulár,,6.8.11,Shopping and services
koleno,A1,slovo,substantivum,neutrum,singulár,,6.7.1,Health care
kolik,A1,slovo,,,,,4.2.1; 4.2.3; 4.2.4; 4.5.1,Quantity; Time
kolikátý,A1,slovo,,,,,4.6.13; 5.1.8; 4.2.4,Qualities; Giving information; Quantity
kolikrát,A1,slovo,,,,,4.5.13,Time
kolo,A1,slovo,substantivum,neutrum,singulár,,6.5.6; 6.5.9; 6.9.1,Free time; Travel
kolo,A2,slovo,substantivum,neutrum,singulár,,6.9.3,Travel
komedie,A1,slovo,substantivum,femininum,singulár,,6.5.11,Free time
komerční,A2,slovo,adjektivum,,,,6.7.12,Health care
konat se,A2,slovo,verbum,,,imperfektivní,6.5.11,Free time
koncert,A1,slovo,substantivum,maskulinum,singulár,,6.5.11,Free time
koncertní,A2,slovo,adjektivum,,,,6.5.10,Free time
koncertní sál,A2,sousloví,,,,,6.5.10,Free time
končit,A1,slovo,verbum,,,imperfektivní,4.5.10; 6.5.11,Time; Free time
konec,A1,slovo,substantivum,maskulinum,singulár,,4.5.10,Time
konečný,A1,slovo,adjektivum,,,,6.9.8,Travel
koníček,A2,slovo,substantivum,maskulinum,singulár,,6.5.2; 6.5.6,Free time
kontaktní,A1,slovo,adjektivum,,,,6.1.3,"Personal details, family"
kontrola,A1,slovo,substantivum,femininum,singulár,,6.7.4; 6.9.6,Health care; Travel
kontrolovat,A1,slovo,verbum,,,imperfektivní,6.12.1,Police and emergencies
konverzace,A1,slovo,substantivum,femininum,singulár,,6.10.6,Education
konvice,A2,slovo,substantivum,femininum,singulár,,6.2.5,Housing
konzultace,A2,slovo,substantivum,femininum,singulár,,6.10.6,Education
kopec,A1,slovo,substantivum,maskulinum,singulár,,6.13.1,Environment and weather
koření,A2,slovo,substantivum,neutrum,singulár,,6.3.13,Food
kosmetička,A1,slovo,substantivum,femininum,singulár,,6.8.10,Shopping and services
kosmetika,A1,slovo,substantivum,femininum,singulár,,6.8.8,Shopping and services
kost,A2,slovo,substantivum,femininum,singulár,,6.7.1,Health care
kostel,A1,slovo,substantivum,maskulinum,singulár,,6.1.11,"Personal details, family"
kostým,A2,slovo,substantivum,maskulinum,singulár,,6.8.3,Shopping and services
košík,A2,slovo,substantivum,maskulinum,singulár,,6.8.4,Shopping and services
košile,A1,slovo,substantivum,femininum,singulár,,6.8.3,Shopping and services
kotel,A2,slovo,substantivum,maskulinum,singulár,,6.2.5,Housing
kotel na dřevo,A2,sousloví,,,,,6.2.5,Housing
kotel na uhlí,A2,sousloví,,,,,6.2.5,Housing
kotník,A2,slovo,substantivum,maskulinum,singulár,,6.7.1,Health care
koupat se,A1,slovo,verbum,,,imperfektivní,6.4.2,Daily routine
koupelna,A1,slovo,substantivum,femininum,singulár,,6.2.3,Housing
koupit,A1,slovo,verbum,,,perfektivní,6.2.2; 6.8.4,Housing; Shopping and services
kousek,A2,slovo,substantivum,maskulinum,singulár,,4.2.3,Quantity
kout,A2,slovo,substantivum,maskulinum,singulár,,6.2.3; 6.2.4,Housing
kov,A1,slovo,substantivum,maskulinum,singulár,,4.6.9,Qualities
kovový,A2,slovo,adjektivum,,,,4.6.9,Qualities
kožené zboží,A2,sousloví,,,,,6.8.1,Shopping and services
kožený,A1,slovo,adjektivum,,,,4.6.9; 6.8.1,Qualities; Shopping and services
krabice,A2,slovo,substantivum,femininum,singulár,,4.2.3,Quantity
krabička,A2,slovo,substantivum,femininum,singulár,,4.2.3,Quantity
krádež,A2,slovo,substantivum,femininum,singulár,,6.12.1,Police and emergencies
kraj,A2,slovo,substantivum,maskulinum,singulár,,4.4.2,Space
kraj,A1,slovo,substantivum,maskulinum,singulár,,6.14.4,Contact with Czech society
krájet,A2,slovo,verbum,,,imperfektivní,6.3.15,Food
krajina,A2,slovo,substantivum,femininum,singulár,,6.13.1,Environment and weather
krajský,A1,slovo,adjektivum,,,,6.14.4,Contact with Czech society
krásný,A1,slovo,adjektivum,,,,6.1.14,"Personal details, family"
krátce,A2,slovo,adverbium,,,,4.5.12,Time
krátký,A1,slovo,adjektivum,,,,4.3.3; 4.5.12; 6.1.14,"Size and measures; Time; Personal details, family"
kravata,A2,slovo,substantivum,femininum,singulár,,6.8.3,Shopping and services
krb,A2,slovo,substantivum,maskulinum,singulár,,6.2.5,Housing
krejčí,A2,slovo,substantivum,maskulinum,singulár,,6.8.10,Shopping and services
krejčovství,A2,slovo,substantivum,neutrum,singulár,,6.8.8,Shopping and services
krém,A1,slovo,substantivum,maskulinum,singulár,,6.4.2,Daily routine
kreslit,A1,slovo,verbum,,,imperfektivní,6.10.5,Education
krev,A1,slovo,substantivum,femininum,singulár,,6.7.4,Health care
krize,A2,slovo,substantivum,femininum,singulár,,6.12.3,Police and emergencies
krk,A1,slovo,substantivum,maskulinum,singulár,,5.3.34; 6.7.1,Emotions; Health care
kruh,A2,slovo,substantivum,maskulinum,singulár,,4.6.1,Qualities
kruhový,A2,slovo,adjektivum,,,,6.9.4,Travel
kruhový objezd,A2,sousloví,,,,,6.9.4,Travel
krvácet,A2,slovo,verbum,,,imperfektivní,6.7.2,Health care
krychlový,A2,slovo,adjektivum,,,,4.3.8,Size and measures
křehký,A2,slovo,adjektivum,,,,4.6.10,Qualities
křeslo,A2,slovo,substantivum,neutrum,singulár,,6.2.4,Housing
křesťan,A2,slovo,substantivum,maskulinum,singulár,,6.1.11,"Personal details, family"
křesťanka,A2,slovo,substantivum,femininum,singulár,,6.1.11,"Personal details, family"
křesťanský,A2,slovo,adjektivum,,,,6.1.11,"Personal details, family"
křestní,A1,slovo,adjektivum,,,,6.1.1,"Personal details, family"
křestní jméno,A1,sousloví,,,,,6.1.1,"Personal details, family"
křivý,A2,slovo,adjektivum,,,,4.6.1,Qualities
křižovatka,A1,slovo,substantivum,femininum,singulár,,6.9.4,Travel
který,A1,slovo,pronomen,,,,4.5.1; 5.1.8,Time; Giving information
kudrnatý,A2,slovo,adjektivum,,,,6.1.14,"Personal details, family"
kudy,A2,slovo,adverbium,,,,4.4.4; 4.4.15; 4.4.16; 5.1.8,Space; Giving information
kufr,A2,slovo,substantivum,maskulinum,singulár,,5.1.9; 6.8.3; 6.9.12,Giving information; Shopping and services; Travel
kuchař,A1,slovo,substantivum,maskulinum,singulár,,6.3.3,Food
kuchařka,A2,slovo,substantivum,femininum,singulár,,6.3.15,Food
kuchařka,A1,slovo,substantivum,femininum,singulár,,6.3.3,Food
kuchyň/kuchyně,A1,slovo,substantivum,femininum,singulár,,6.2.3; 6.3.3,Housing; Food
kuchyňská linka,A2,sousloví,,,,,6.2.4,Housing
kuchyňský,A2,slovo,adjektivum,,,,6.2.3,Housing
kuchyňský kout,A2,sousloví,,,,,6.2.3,Housing
kulatý,A2,slovo,adjektivum,,,,4.6.1,Qualities
kulečník,A2,slovo,substantivum,maskulinum,singulár,,6.5.6,Free time
kulturní,A2,slovo,adjektivum,,,,6.5.10,Free time
kulturní dům,A2,sousloví,,,,,6.5.10,Free time
kůň,A2,slovo,substantivum,maskulinum,singulár,,6.13.2,Environment and weather
kupé,A2,slovo,substantivum,neutrum,singulár,,6.9.10,Travel
kupovat,A1,slovo,verbum,,,imperfektivní,6.2.2; 6.8.4,Housing; Shopping and services
kurt,A2,slovo,substantivum,maskulinum,singulár,,6.5.9,Free time
kurz,A1,slovo,substantivum,maskulinum,singulár,,6.10.1,Education
kurz,A2,slovo,substantivum,maskulinum,singulár,,6.8.13,Shopping and services
kuře,A1,slovo,substantivum,neutrum,singulár,,6.3.7,Food
kuřecí,A2,slovo,adjektivum,,,,6.3.7,Food
kus,A2,slovo,substantivum,maskulinum,singulár,,4.2.3,Quantity
kůže,A1,slovo,substantivum,femininum,singulár,,4.6.9,Qualities
kůže,A2,slovo,substantivum,femininum,singulár,,6.7.1,Health care
kvalita,A2,slovo,substantivum,femininum,singulár,,4.7.1,Evaluation
kvalitní,A2,slovo,adjektivum,,,,4.7.1,Evaluation
květen,A1,slovo,substantivum,maskulinum,singulár,,4.5.1,Time
květina,A1,slovo,substantivum,femininum,singulár,,6.13.2,Environment and weather
květinářství,A2,slovo,substantivum,neutrum,singulár,,6.8.1,Shopping and services
kyselý,A2,slovo,adjektivum,,,,4.6.6,Qualities
laboratoř,A1,slovo,substantivum,maskulinum,singulár,,6.7.4; 6.7.7; 6.7.11,Health care
láhev,A2,slovo,substantivum,femininum,singulár,,4.2.3; 4.3.8,Quantity; Size and measures
lampa,A1,slovo,substantivum,femininum,singulár,,6.2.5,Housing
látka,A2,slovo,substantivum,femininum,singulár,,4.6.9,Qualities
léčit,A2,slovo,verbum,,,imperfektivní,6.7.6,Health care
léčit se,A2,slovo,verbum,,,imperfektivní,6.7.4,Health care
leden,A1,slovo,substantivum,maskulinum,singulár,,4.5.1,Time
lednička,A1,slovo,substantivum,femininum,singulár,,6.2.5,Housing
lednový,A2,slovo,adjektivum,,,,4.5.1,Time
ledviny,A2,slovo,substantivum,femininum,plurál,,6.7.1,Health care
lehat si,A2,slovo,verbum,,,imperfektivní,4.4.6,Space
lehce,A2,slovo,adverbium,,,,4.7.5,Evaluation
lehký,A1,slovo,adjektivum,,,,4.3.6; 4.7.5; 6.6.5,Size and measures; Evaluation; Work
lehnout si,A2,slovo,verbum,,,perfektivní,4.4.6,Space
lék,A1,slovo,substantivum,maskulinum,singulár,,6.7.4; 6.8.6,Health care; Shopping and services
lékárna,A1,slovo,substantivum,femininum,singulár,,6.8.1,Shopping and services
lékárnice,A1,slovo,substantivum,femininum,singulár,,6.8.6,Shopping and services
lékárnička,A2,slovo,substantivum,femininum,singulár,,6.9.3,Travel
lékárník,A1,slovo,substantivum,maskulinum,singulár,,6.8.6,Shopping and services
lékař,A1,slovo,substantivum,maskulinum,singulár,,6.6.1; 6.7.6,Work; Health care
lékařka,A1,slovo,substantivum,femininum,singulár,,6.6.1; 6.7.6,Work; Health care
lékařské potvrzení,A1,sousloví,,,,,6.7.11,Health care
lékařský,A1,slovo,adjektivum,,,,6.7.11,Health care
les,A1,slovo,substantivum,maskulinum,singulár,,6.13.1,Environment and weather
let,A2,slovo,substantivum,maskulinum,singulár,,4.4.4; 6.9.11,Space; Travel
léta,A1,slovo,substantivum,neutrum,plurál,,6.1.6,"Personal details, family"
letadlo,A1,slovo,substantivum,neutrum,singulár,,6.9.1,Travel
létat,A2,slovo,verbum,,,imperfektivní,4.4.4,Space
letecky,A2,slovo,adverbium,,,,6.8.11,Shopping and services
letenka,A1,slovo,substantivum,femininum,singulár,,6.9.11,Travel
letět,A1,slovo,verbum,,,imperfektivní,4.4.4,Space
letiště,A1,slovo,substantivum,neutrum,singulár,,6.9.11,Travel
letní,A2,slovo,adjektivum,,,,4.5.1,Time
léto,A1,slovo,substantivum,neutrum,singulár,,4.5.1,Time
letos,A2,slovo,adverbium,,,,4.5.3,Time
letový,A2,slovo,adjektivum,,,,6.9.11,Travel
letový řád,A2,sousloví,,,,,6.9.11,Travel
letuška,A2,slovo,substantivum,femininum,singulár,,6.9.11,Travel
levný,A1,slovo,adjektivum,,,,4.6.12; 6.2.2; 6.8.4,Qualities; Housing; Shopping and services
levý,A2,slovo,adjektivum,,,,4.4.2,Space
lézt,A2,slovo,verbum,,,imperfektivní,4.4.4,Space
ležet,A1,slovo,verbum,,,imperfektivní,4.4.1; 6.7.4,Space; Health care
líbit se,A1,slovo,verbum,,,imperfektivní,5.3.1; 5.3.2; 5.3.3,Emotions
lidový,A2,slovo,adjektivum,,,,6.5.15,Free time
limonáda,A1,slovo,substantivum,femininum,singulár,,6.3.14,Food
linka,A1,slovo,substantivum,femininum,singulár,,5.6.11; 6.1.4; 6.2.5; 6.2.6,"Discourse; Personal details, family; Housing"
linka,A2,slovo,substantivum,femininum,singulár,,6.9.8; 6.12.2; 6.2.4,Travel; Police and emergencies; Housing
"linku číslo X, prosím",A1,fráze,,,,,5.6.11,Discourse
líný,A1,slovo,adjektivum,,,,6.1.15,"Personal details, family"
list,A2,slovo,substantivum,maskulinum,singulár,,6.10.8; 6.10.9,Education
list,A1,slovo,substantivum,maskulinum,singulár,,6.6.8; 6.11.2,Work; Offices
lístek,A1,slovo,substantivum,maskulinum,singulár,,6.3.3; 6.5.13; 6.6.6; 6.9.11,Food; Free time; Work; Travel
listonoš,A2,slovo,substantivum,maskulinum,singulár,,6.11.5; 6.8.10,Offices; Shopping and services
listonoška,A2,slovo,substantivum,femininum,singulár,,6.8.10,Shopping and services
listopad,A1,slovo,substantivum,maskulinum,singulár,,4.5.1,Time
lít,A2,slovo,verbum,,,imperfektivní,4.4.5,Space
literatura,A2,slovo,substantivum,femininum,singulár,,6.5.14,Free time
líto,A2,slovo,adverbium,,,,5.5.1,Social rituals
litovat,A2,slovo,verbum,,,imperfektivní,5.3.21; 5.4.7; 5.4.10,Emotions; Influencing others
litr,A1,slovo,substantivum,maskulinum,singulár,,4.2.3; 4.3.8,Quantity; Size and measures
"lituju, ale",A2,fráze,,,,,5.4.10,Influencing others
"lituju, nemůžu",A2,fráze,,,,,5.4.7,Influencing others
loď,A2,slovo,substantivum,femininum,singulár,,6.9.1,Travel
loket,A2,slovo,substantivum,maskulinum,singulár,,6.7.1,Health care
loni,A2,slovo,adverbium,,,,4.5.2,Time
ložnice,A2,slovo,substantivum,femininum,singulár,,6.2.3,Housing
lux,A2,slovo,substantivum,maskulinum,singulár,,6.4.3,Daily routine
luxovat,A2,slovo,verbum,,,imperfektivní,6.4.3,Daily routine
lůžko,A2,slovo,substantivum,neutrum,singulár,,6.7.7,Health care
lyžař,A2,slovo,substantivum,maskulinum,singulár,,6.5.7,Free time
lyžařka,A2,slovo,substantivum,femininum,singulár,,6.5.7,Free time
lyže,A2,slovo,substantivum,femininum,,,6.5.9,Free time
lyžování,A1,slovo,substantivum,neutrum,singulár,,6.5.7,Free time
lyžovat,A1,slovo,verbum,,,imperfektivní,6.5.7,Free time
lžíce,A2,slovo,substantivum,femininum,singulár,,4.2.3; 6.3.16,Quantity; Food
majetek,A2,slovo,substantivum,maskulinum,singulár,,4.8.9,Logical relations
majitel,A2,slovo,substantivum,maskulinum,singulár,,4.8.9; 6.2.2,Logical relations; Housing
majitelka,A1,slovo,substantivum,femininum,singulár,,6.2.2,Housing
makléř,A2,slovo,substantivum,maskulinum,singulár,,6.8.10,Shopping and services
maličkost,A2,slovo,substantivum,femininum,singulár,,5.5.4,Social rituals
malíř,A2,slovo,substantivum,maskulinum,singulár,,6.5.12,Free time
malířka,A2,slovo,substantivum,femininum,singulár,,6.5.12,Free time
málo,A1,slovo,adverbium,,,,4.2.3,Quantity
malovat,A2,slovo,verbum,,,imperfektivní,6.5.6,Free time
malovat se,A2,slovo,verbum,,,imperfektivní,6.4.2,Daily routine
malý,A1,slovo,adjektivum,,,,4.3.1; 4.3.2; 4.3.3; 4.3.8,Size and measures
máma,A1,slovo,substantivum,femininum,singulár,,6.1.14; 6.1.13,"Personal details, family"
maminka,A1,slovo,substantivum,femininum,singulár,,6.1.13,"Personal details, family"
mandarinka,A2,slovo,substantivum,femininum,singulár,,6.3.10,Food
manikúra,A2,slovo,substantivum,femininum,singulár,,6.8.8,Shopping and services
manžel,A1,slovo,substantivum,maskulinum,singulár,,6.1.8,"Personal details, family"
manželka,A1,slovo,substantivum,femininum,singulár,,6.1.8,"Personal details, family"
mapa,A1,slovo,substantivum,femininum,singulár,,6.10.3,Education
masáž,A2,slovo,substantivum,femininum,singulár,,6.12.2,Police and emergencies
masáž srdce,A2,sousloví,,,,,6.12.2,Police and emergencies
masáže,A2,slovo,substantivum,femininum,plurál,,6.8.8,Shopping and services
masírovat,A2,slovo,verbum,,,imperfektivní,6.8.9,Shopping and services
máslo,A1,slovo,substantivum,neutrum,singulár,,6.3.12,Food
maso,A1,slovo,substantivum,neutrum,singulár,,6.3.7,Food
mast,A2,slovo,substantivum,femininum,singulár,,6.8.6,Shopping and services
matematika,A1,slovo,substantivum,femininum,singulár,,6.10.7,Education
mateřská,A2,slovo,substantivum,femininum,singulár,,6.11.4,Offices
mateřská dovolená,A2,sousloví,,,,,6.6.2; 6.11.4,Work; Offices
mateřská škola,A1,sousloví,,,,,6.10.1,Education
mateřský,A2,slovo,adjektivum,,,,6.6.2; 6.10.1; 6.11.4,Work; Education; Offices
matka,A1,slovo,substantivum,femininum,singulár,,6.14.1; 6.1.1; 6.1.13,"Contact with Czech society; Personal details, family"
matrika,A2,slovo,substantivum,femininum,singulár,,6.11.1,Offices
maturita,A2,slovo,substantivum,femininum,singulár,,6.10.9,Education
maturitní,A2,slovo,adjektivum,,,,6.10.8,Education
med,A2,slovo,substantivum,maskulinum,singulár,,6.3.13,Food
medicína,A1,slovo,substantivum,femininum,singulár,,6.10.7,Education
mějte se hezky,A1,fráze,,,,,5.5.33,Social rituals
měkký,A1,slovo,adjektivum,,,,4.6.10,Qualities
měl/a by ses + infinitiv,A2,vazba,,,,,5.4.15,Influencing others
měna,A2,slovo,substantivum,femininum,singulár,,6.8.13,Shopping and services
menstruace,A2,slovo,substantivum,femininum,singulár,,6.7.9,Health care
menší,A2,slovo,adjektivum,,,,4.3.1,Size and measures
menu,A1,slovo,substantivum,neutrum,singulár,,6.3.3; 6.3.5,Food
menza,A2,slovo,substantivum,femininum,singulár,,6.3.2; 6.10.2,Food; Education
meruňka,A2,slovo,substantivum,femininum,singulár,,6.3.10,Food
měřit,A1,slovo,verbum,,,imperfektivní,4.3.2; 4.3.3; 4.3.7; 4.3.9,Size and measures
měsíc,A1,slovo,substantivum,maskulinum,singulár,,6.1.14; 6.7.4; 6.7.10; 6.8.9; 4.5.1,"Personal details, family; Health care; Shopping and services; Time"
Měsíc,A2,slovo,substantivum,maskulinum,singulár,,6.13.1,Environment and weather
měsíčně,A2,slovo,adverbium,,,,4.5.13,Time
měsíční,A2,slovo,adjektivum,,,,4.5.1,Time
město,A1,slovo,substantivum,neutrum,singulár,,6.14.4,Contact with Czech society
městská policie,A2,sousloví,,,,,6.14.4,Contact with Czech society
městský,A1,slovo,adjektivum,,,,6.9.6; 6.11.1; 6.14.4,Travel; Offices; Contact with Czech society
městský úřad,A1,sousloví,,,,,6.11.1,Offices
mešita,A2,slovo,substantivum,femininum,singulár,,6.1.11,"Personal details, family"
metalový,A2,slovo,adjektivum,,,,6.5.15,Free time
metr,A1,slovo,substantivum,maskulinum,singulár,,4.2.3; 4.3.2; 4.3.3; 4.3.7,Quantity; Size and measures
metr čtvereční,A1,sousloví,,,,,4.3.8; 4.3.7,Size and measures
metr krychlový,A2,sousloví,,,,,4.3.8,Size and measures
metro,A1,slovo,substantivum,neutrum,singulár,,6.9.8,Travel
mezinárodní,A2,slovo,adjektivum,,,,6.9.9,Travel
Mgr.,A1,slovo,substantivum,,singulár,,6.1.2,"Personal details, family"
MHD,A2,sousloví,,,,,6.9.8,Travel
míč,A1,slovo,substantivum,maskulinum,singulár,,6.5.9,Free time
míchat,A2,slovo,verbum,,,imperfektivní,6.3.15,Food
mikrovlnka,A2,slovo,substantivum,femininum,singulár,,6.2.5,Housing
milimetr,A2,slovo,substantivum,maskulinum,singulár,,4.3.3,Size and measures
milý,A1,slovo,adjektivum,,,,5.5.21; 5.6.2,Social rituals; Discourse
mince,A1,slovo,substantivum,femininum,singulár,,6.8.7,Shopping and services
minerálka,A1,slovo,substantivum,femininum,singulár,,6.3.14,Food
minimální,A2,slovo,adjektivum,,,,6.6.6,Work
ministerstvo,A1,slovo,substantivum,neutrum,singulár,,6.14.3,Contact with Czech society
ministerstvo vnitra,A1,sousloví,,,,,6.14.3,Contact with Czech society
ministr,A2,slovo,substantivum,maskulinum,singulár,,6.14.3,Contact with Czech society
ministryně,A2,slovo,substantivum,femininum,singulár,,6.14.3,Contact with Czech society
minulost,A2,slovo,substantivum,femininum,singulár,,4.5.2,Time
minulý,A1,slovo,adjektivum,,,,4.5.2,Time
minus,A1,slovo,substantivum,neutrum,singulár,,4.3.9,Size and measures
minuta,A1,slovo,substantivum,femininum,singulár,,4.5.1,Time
místenka,A2,slovo,substantivum,femininum,singulár,,6.9.9,Travel
místnost,A1,slovo,substantivum,femininum,singulár,,6.2.3,Housing
místo,A1,slovo,substantivum,neutrum,singulár,,4.4.1; 4.4.14; 6.1.5; 6.5.13,"Space; Personal details, family; Free time"
místo narození,A1,sousloví,,,,,6.9.10; 6.1.5,"Travel; Personal details, family"
mistrovství,A2,slovo,substantivum,neutrum,singulár,,6.5.8,Free time
mít,A1,slovo,verbum,,,imperfektivní,4.6.1; 4.7.6; 4.8.9; 5.2.1; 5.2.32; 5.3.1; 5.3.2; 5.3.4; 5.3.5; 5.3.6; 5.3.7; 5.3.8; 5.3.9; 5.3.11; 5.3.12; 5.3.13; 5.3.14; 5.3.15,Qualities; Evaluation; Logical relations; Attitudes to information; Emotions
mít + infinitiv,A2,vazba,,,,,5.3.16; 5.3.18; 5.3.22; 5.3.30; 5.3.31; 5.3.32; 5.3.34; 5.5.5; 5.5.10; 5.7.6; 6.1.9; 6.1.14; 6.3.1; 6.5.1; 6.5.6; 6.5.13; 6.7.2; 5.2.32,"Emotions; Social rituals; Communication strategies; Personal details, family; Food; Free time; Health care; Attitudes to information"
mít barvu,A1,sousloví,,,,,4.6.8,Qualities
mít hlad,A1,sousloví,,,,,6.3.1,Food
mít chuť,A2,sousloví,,,,,5.3.4; 5.3.11,Emotions
mít chuť na,A2,vazba,,,,,5.3.4; 5.3.5,Emotions
mít na sobě,A1,sousloví,,,,,6.1.14,"Personal details, family"
mít nejraději,A2,sousloví,,,,,5.3.13,Emotions
mít občanství,A2,sousloví,,,,,6.1.9,"Personal details, family"
mít otevřeno,A1,sousloví,,,,,6.5.13,Free time
mít pravdu,A1,sousloví,,,,,5.2.1,Attitudes to information
mít problém(y),A1,sousloví,,,,,5.3.32,Emotions
mít rád/a/i,A1,sousloví,,,,,5.3.1; 5.3.2; 5.3.4; 5.3.7,Emotions
mít raději … než,A2,vazba,,,,,5.3.8; 5.3.9; 5.3.12,Emotions
mít radost z,A1,vazba,,,,,5.3.18,Emotions
"mít radost, že",A2,vazba,,,,,5.3.18,Emotions
mít se,A1,slovo,verbum,,,imperfektivní,5.5.29,Social rituals
mít strach,A1,sousloví,,,,,5.3.30,Emotions
"mít strach, že",A2,vazba,,,,,5.3.30,Emotions
mít toho dost,A2,fráze,,,,,5.3.34,Emotions
mít toho po krk,A2,fráze,,,,,5.3.34,Emotions
mít v plánu,A2,sousloví,,,,,5.2.36,Attitudes to information
mít volno,A1,sousloví,,,,,6.5.1,Free time
mít význam,A2,sousloví,,,,,4.7.6,Evaluation
mít zájem,A2,sousloví,,,,,6.5.6,Free time
mít zájem o,A2,vazba,,,,,5.3.14; 5.3.15,Emotions
mit zavřeno,A1,sousloví,,,,,6.5.13,Free time
mít žízeň,A1,sousloví,,,,,6.3.1,Food
mladá paní,A2,fráze,,,,,5.5.13,Social rituals
mladě,A2,slovo,adverbium,,,,4.6.13,Qualities
mládež,A2,slovo,substantivum,femininum,singulár,,4.6.13,Qualities
mladší,A1,slovo,adjektivum,,,,6.1.13,"Personal details, family"
mladý,A1,slovo,adjektivum,,,,4.6.13; 5.5.13; 6.1.14,"Qualities; Social rituals; Personal details, family"
mléko,A1,slovo,substantivum,neutrum,singulár,,6.3.14,Food
mlha,A2,slovo,substantivum,femininum,singulár,,6.13.3,Environment and weather
mluvit,A1,slovo,verbum,,,imperfektivní,5.7.4; 6.14.1,Communication strategies; Contact with Czech society
mluvit s,A2,vazba,,,,,5.6.9,Discourse
mnoho,A2,slovo,,,,,4.2.3,Quantity
mnohokrát,A2,slovo,,,,,4.5.13,Time
mobil,A1,slovo,substantivum,maskulinum,singulár,,6.1.4,"Personal details, family"
moc,A1,slovo,adverbium,,,,4.2.3; 4.2.8,Quantity
moct,A1,slovo,verbum,,,imperfektivní,5.2.23; 5.2.28; 5.2.29; 5.4.7; 5.6.11; 5.7.3; 5.7.4,Attitudes to information; Influencing others; Discourse; Communication strategies
moct + infinitiv,A1,vazba,,,,,5.7.8; 5.2.23; 5.2.28; 5.2.29; 5.4.7; 5.6.11; 5.7.3; 5.7.4,Communication strategies; Attitudes to information; Influencing others; Discourse
moč,A1,slovo,substantivum,femininum,singulár,,5.7.8; 6.7.4,Communication strategies; Health care
model,A2,slovo,substantivum,maskulinum,singulár,,6.8.5,Shopping and services
moderně,A2,slovo,adverbium,,,,4.6.13,Qualities
moderní,A1,slovo,adjektivum,,,,4.6.13; 6.5.15,Qualities; Free time
modrá karta,A1,sousloví,,,,,6.11.5,Offices
modrý,A1,slovo,adjektivum,,,,4.6.8; 6.11.5,Qualities; Offices
mokro,A2,slovo,adverbium,,,,4.6.2,Qualities
mokrý,A1,slovo,adjektivum,,,,4.6.2,Qualities
Mongol,A1,slovo,substantivum,maskulinum,singulár,,6.1.9,"Personal details, family"
Mongolka,A1,slovo,substantivum,femininum,singulár,,6.1.9,"Personal details, family"
monitor,A2,slovo,substantivum,maskulinum,singulár,,6.5.5,Free time
moře,A1,slovo,substantivum,neutrum,singulár,,6.9.12,Travel
most,A1,slovo,substantivum,maskulinum,singulár,,6.9.4,Travel
motor,A1,slovo,substantivum,maskulinum,singulár,,6.9.3,Travel
motorka,A2,slovo,substantivum,femininum,singulár,,6.9.1,Travel
mouka,A2,slovo,substantivum,femininum,singulár,,6.3.13,Food
možná,A2,slovo,adverbium,,,,5.2.19,Attitudes to information
"možná, že",A2,vazba,,,,,5.2.19,Attitudes to information
možný,A2,slovo,adjektivum,,,,5.2.20; 5.2.23; 5.3.28,Attitudes to information; Emotions
MP3,A1,slovo,substantivum,femininum,singulár,,6.5.5,Free time
mrak,A2,slovo,substantivum,maskulinum,singulár,,6.13.3,Environment and weather
mráz,A1,slovo,substantivum,maskulinum,singulár,,4.3.9; 6.13.3,Size and measures; Environment and weather
mrkev,A1,slovo,substantivum,femininum,singulár,,6.3.10,Food
mrtvý,A1,slovo,adjektivum,,,,4.1.4; 6.1.8; 6.9.7,"Existence; Personal details, family; Travel"
mrznout,A1,slovo,verbum,,,imperfektivní,6.13.3,Environment and weather
MUDr.,A1,slovo,substantivum,,singulár,,6.1.2,"Personal details, family"
muset,A1,slovo,verbum,,,imperfektivní,5.2.32; 5.2.33; 5.2.34,Attitudes to information
muset + infinitiv,A1,vazba,,,,,5.4.11; 5.6.15; 5.2.32; 5.2.33; 5.2.34,Influencing others; Discourse; Attitudes to information
muslim,A2,slovo,substantivum,maskulinum,singulár,,5.4.11; 5.6.15; 6.1.11,"Influencing others; Discourse; Personal details, family"
muslimka,A2,slovo,substantivum,femininum,singulár,,6.1.11,"Personal details, family"
muzeum,A1,slovo,substantivum,neutrum,singulár,,6.5.10,Free time
muzikál,A1,slovo,substantivum,maskulinum,singulár,,6.5.11,Free time
muž,A1,slovo,substantivum,maskulinum,singulár,,6.1.7; 6.1.8; 6.6.2,"Personal details, family; Work"
muž na rodičovské dovolené,A2,sousloví,,,,,6.6.2,Work
můžeš/můžete mi to hláskovat,A1,fráze,,,,,5.7.8,Communication strategies
můžeš/můžete mi to napsat,A1,fráze,,,,,5.7.8,Communication strategies
můžete mě přepojit na,A2,fráze,,,,,5.6.11,Discourse
"můžete mluvit pomaleji, prosím",A1,fráze,,,,,5.7.4,Communication strategies
můžete to říct ještě jednou?,A1,fráze,,,,,5.7.3,Communication strategies
mužský,A2,slovo,adjektivum,,,,6.1.7,"Personal details, family"
myčka,A1,slovo,substantivum,femininum,singulár,,6.2.5; 6.9.5,Housing; Travel
myčka nádobí,A1,sousloví,,,,,6.2.5,Housing
mýdlo,A1,slovo,substantivum,neutrum,singulár,,6.4.2,Daily routine
myslel/a jsi/jste + tohle,A1,fráze,,,,,5.7.5,Communication strategies
myslet,A2,slovo,verbum,,,imperfektivní,5.2.4; 5.2.20; 5.7.5,Attitudes to information; Communication strategies
"myslet (si), že",A2,vazba,,,,,5.2.15,Attitudes to information
"myslet, že",A2,vazba,,,,,5.2.20,Attitudes to information
myslíte (?),A2,fráze,,,,,5.2.4,Attitudes to information
myš,A2,slovo,substantivum,femininum,singulár,,6.5.5,Free time
mýt,A1,slovo,verbum,,,imperfektivní,4.6.3; 6.4.3,Qualities; Daily routine
mýt se,A1,slovo,verbum,,,imperfektivní,6.4.2,Daily routine
mzda,A1,slovo,substantivum,femininum,singulár,,6.6.6,Work
na,A1,slovo,prepozice,,,,4.4.14; 5.3.4; 5.3.34; 5.5.24; 5.5.30; 5.5.31; 5.6.11; 5.6.12; 5.6.15,Space; Emotions; Social rituals; Discourse
na co máš/máte chuť,A2,fráze,,,,,6.1.14; 6.2.5; 6.2.6; 6.3.5; 6.4.2; 6.6.2; 6.6.5; 6.7.13; 6.9.6; 6.11.5; 5.3.4,"Personal details, family; Housing; Food; Daily routine; Work; Health care; Travel; Offices; Emotions"
na shledanou,A1,fráze,,,,,5.5.36,Social rituals
na zdraví,A1,fráze,,,,,5.5.30,Social rituals
nabídka,A2,slovo,substantivum,femininum,singulár,,6.3.5,Food
nabídnout,A2,slovo,verbum,,,perfektivní,6.8.4,Shopping and services
nabízet,A1,slovo,verbum,,,imperfektivní,6.8.4,Shopping and services
náboženský,A2,slovo,adjektivum,,,,6.1.11,"Personal details, family"
náboženství,A2,slovo,substantivum,neutrum,singulár,,6.1.11,"Personal details, family"
nábytek,A1,slovo,substantivum,maskulinum,singulár,,6.2.4; 6.8.1,Housing; Shopping and services
nádobí,A1,slovo,substantivum,neutrum,singulár,,6.2.5; 6.3.16; 6.8.2,Housing; Food; Shopping and services
nádraží,A1,slovo,substantivum,neutrum,singulár,,6.9.9; 6.9.10,Travel
nadřízený,A2,slovo,substantivum,maskulinum,singulár,,6.6.4,Work
nafta,A1,slovo,substantivum,femininum,singulár,,6.9.5,Travel
nahoru,A1,slovo,adverbium,,,,4.4.19,Space
nahoře,A1,slovo,adverbium,,,,4.4.2,Space
nájemné,A1,slovo,substantivum,neutrum,singulár,,6.2.6,Housing
nájemnice,A1,slovo,substantivum,femininum,singulár,,6.2.2,Housing
nájemník,A1,slovo,substantivum,maskulinum,singulár,,6.2.2,Housing
najíst se,A2,slovo,verbum,,,perfektivní,6.3.1,Food
najít,A2,slovo,verbum,,,perfektivní,6.6.7,Work
nákladní,A2,slovo,adjektivum,,,,6.9.1,Travel
náklady,A1,slovo,substantivum,maskulinum,plurál,,6.2.6,Housing
náklady na byt,A1,sousloví,,,,,6.2.6,Housing
nakonec,A1,slovo,adverbium,,,,4.5.10,Time
nakoupit,A2,slovo,verbum,,,perfektivní,6.4.1,Daily routine
nakrájet,A2,slovo,verbum,,,perfektivní,6.3.15,Food
nakreslit,A2,slovo,verbum,,,perfektivní,6.10.5,Education
nákup,A1,slovo,substantivum,maskulinum,singulár,,6.5.2,Free time
nákupní,A2,slovo,adjektivum,,,,6.8.1,Shopping and services
nákupní centrum,A2,sousloví,,,,,6.8.1,Shopping and services
nakupovat,A1,slovo,verbum,,,imperfektivní,6.4.1,Daily routine
nalevo,A1,slovo,adverbium,,,,4.4.2,Space
nalít,A2,slovo,verbum,,,perfektivní,4.4.5,Space
namalovat se,A2,slovo,verbum,,,perfektivní,6.4.2,Daily routine
namasírovat,A2,slovo,verbum,,,perfektivní,6.8.9,Shopping and services
náměstí,A1,slovo,substantivum,neutrum,singulár,,6.1.3,"Personal details, family"
naobědvat se,A2,slovo,verbum,,,perfektivní,6.3.4,Food
nápad,A1,slovo,substantivum,maskulinum,singulár,,5.4.3; 5.4.9,Influencing others
napít se,A2,slovo,verbum,,,perfektivní,5.4.9; 6.3.1,Influencing others; Food
nápodobně,A1,slovo,adverbium,,,,5.5.32,Social rituals
nápoj,A1,slovo,substantivum,maskulinum,singulár,,6.3.5,Food
nápojový,A2,slovo,adjektivum,,,,6.3.3,Food
nápojový lístek,A2,sousloví,,,,,6.3.3,Food
napravo,A1,slovo,adverbium,,,,4.4.2,Space
naprosto,A2,slovo,adverbium,,,,5.2.16,Attitudes to information
naproti,A2,slovo,,,,,4.4.2,Space
napřed,A2,slovo,adverbium,,,,4.5.8,Time
napsat,A1,slovo,verbum,,,perfektivní,5.7.8; 6.7.4; 6.10.5; 6.14.1,Communication strategies; Health care; Education; Contact with Czech society
narodit se,A1,slovo,verbum,,,perfektivní,4.1.4; 6.1.5,"Existence; Personal details, family"
národnost,A2,slovo,substantivum,femininum,singulár,,6.1.9,"Personal details, family"
narození,A1,slovo,substantivum,neutrum,singulár,,4.1.4; 6.1.5,"Existence; Personal details, family"
nasnídat se,A2,slovo,verbum,,,perfektivní,6.3.4,Food
nastoupit,A1,slovo,verbum,,,perfektivní,6.6.5,Work
nastoupit,A2,slovo,verbum,,,perfektivní,6.9.8,Travel
nástroj,A2,slovo,substantivum,maskulinum,singulár,,6.5.6,Free time
nástupiště,A1,slovo,substantivum,neutrum,singulár,,6.9.10,Travel
nastupovat,A1,slovo,verbum,,,imperfektivní,6.9.8,Travel
nasvačit se,A2,slovo,verbum,,,perfektivní,6.3.4,Food
nasypat,A2,slovo,verbum,,,perfektivní,4.4.5,Space
natankovat,A2,slovo,verbum,,,perfektivní,6.9.5,Travel
naučit se,A1,slovo,verbum,,,perfektivní,6.10.5,Education
navečeřet se,A2,slovo,verbum,,,perfektivní,6.3.4,Food
navigace,A2,slovo,substantivum,femininum,singulár,,6.9.3,Travel
navigace GPS,A2,slovo,substantivum,femininum,singulár,,6.9.3,Travel
návštěva,A2,slovo,substantivum,femininum,singulár,,6.5.2; 6.10.1,Free time; Education
navštěvovat,A1,slovo,verbum,,,imperfektivní,6.5.2; 6.5.11; 6.14.2,Free time; Contact with Czech society
navštívit,A2,slovo,verbum,,,perfektivní,6.5.2; 6.5.11; 6.9.12,Free time; Travel
ne,A1,slovo,partikule,,,,6.14.2; 5.4.20; 5.5.10,Contact with Czech society; Influencing others; Social rituals
"ne, děkuju",A1,fráze,,,,,5.4.20; 5.5.10,Influencing others; Social rituals
nealkoholický,A2,slovo,adjektivum,,,,6.3.14,Food
nebavit,A2,slovo,verbum,,,imperfektivní,5.3.16,Emotions
nebe,A2,slovo,substantivum,neutrum,singulár,,6.13.1,Environment and weather
nebezpečí,A1,slovo,substantivum,neutrum,singulár,,6.12.3,Police and emergencies
nebezpečný,A2,slovo,adjektivum,,,,6.6.5,Work
nebo,A1,slovo,konjunkce,,,,4.8.3; 5.3.10,Logical relations; Emotions
neboj/te se,A1,fráze,,,,,5.3.31,Emotions
něco,A1,slovo,pronomen,,,,4.2.3,Quantity
nedá se nic dělat,A2,fráze,,,,,5.3.22,Emotions
nedaleko,A2,slovo,adverbium,,,,4.3.4,Size and measures
nedáš/nedáte si,A1,fráze,,,,,5.5.8,Social rituals
nedávno,A2,slovo,adverbium,,,,4.5.2,Time
neděle,A1,slovo,substantivum,femininum,singulár,,4.5.1,Time
nedělejte si starosti,A2,fráze,,,,,5.3.31,Emotions
nehoda,A1,slovo,substantivum,femininum,singulár,,6.7.3; 6.9.7; 6.12.3,Health care; Travel; Police and emergencies
nehodí se mi to,A2,fráze,,,,,5.5.7,Social rituals
nehodit se,A1,slovo,verbum,,,imperfektivní,5.4.10,Influencing others
nehtové studio,A2,sousloví,,,,,6.8.8,Shopping and services
nehtový,A2,slovo,adjektivum,,,,6.8.8,Shopping and services
nechcete pomoct,A1,fráze,,,,,5.4.18,Influencing others
nejdříve,A1,slovo,adverbium,,,,4.5.9,Time
"nejen, ale i",A1,slovo,konjunkce,,,,4.8.2,Logical relations
nejlepší,A1,slovo,adjektivum,,,,5.5.20,Social rituals
nejraději,A2,slovo,adjektivum,,,,5.3.13,Emotions
někam,A1,slovo,adverbium,,,,4.4.19,Space
někde,A1,slovo,adverbium,,,,4.4.2,Space
někdy,A1,slovo,adverbium,,,,4.5.13,Time
několik,A1,slovo,,,,,4.2.3,Quantity
někudy,A2,slovo,adverbium,,,,4.4.21,Space
neměj/te strach,A1,fráze,,,,,5.3.31,Emotions
nemít zájem o,A2,vazba,,,,,5.3.16,Emotions
nemoc,A1,slovo,substantivum,femininum,singulár,,6.7.4,Health care
nemocenská,A1,slovo,substantivum,femininum,singulár,,6.7.13; 6.11.4,Health care; Offices
nemocenské pojištění,A1,sousloví,,,,,6.7.13; 6.11.4,Health care; Offices
nemocenský,A1,slovo,adjektivum,,,,6.7.13; 6.11.4,Health care; Offices
nemocnice,A1,slovo,substantivum,femininum,singulár,,6.6.3; 6.7.4; 6.7.7,Work; Health care
nemocný,A1,slovo,adjektivum,,,,6.7.2,Health care
nemohl byste + infinitiv,A2,fráze,,,,,5.4.4,Influencing others
nemůžu ti/vám pomoct,A1,fráze,,,,,5.4.18,Influencing others
není to dobré,A1,fráze,,,,,5.3.6,Emotions
není mi líto,A2,fráze,,,,,5.3.20,Emotions
není to možné,A2,fráze,,,,,5.3.28,Emotions
není to pravda,A1,fráze,,,,,5.2.7; 5.3.28,Attitudes to information; Emotions
není to správně,A1,fráze,,,,,5.3.25,Emotions
není to tak,A2,fráze,,,,,5.2.7,Attitudes to information
není to v pořádku,A1,fráze,,,,,5.3.25,Emotions
není zač,A1,fráze,,,,,5.5.4,Social rituals
nepamatovat si,A2,slovo,verbum,,,imperfektivní,5.2.13,Attitudes to information
neperlivý,A2,slovo,adjektivum,,,,6.3.14,Food
nepořádek,A1,slovo,substantivum,maskulinum,singulár,,4.6.3,Qualities
nepotřebujete pomoc,A1,fráze,,,,,5.4.18,Influencing others
nepřestupní,A2,slovo,adjektivum,,,,6.9.8,Travel
nerad/a/i,A1,slovo,adjektivum,,,,5.3.3,Emotions
nerad/a/i + verbum,A1,vazba,,,,,5.3.6,Emotions
nerozhodně,A2,slovo,adverbium,,,,6.5.8,Free time
nervózní,A2,slovo,adjektivum,,,,6.1.15,"Personal details, family"
nervy,A2,slovo,substantivum,maskulinum,plurál,,5.3.34,Emotions
neschopenka,A1,slovo,substantivum,femininum,singulár,,6.7.4; 6.7.11,Health care
nesmět,A1,slovo,verbum,,,imperfektivní,5.2.31,Attitudes to information
nesmět + infinitiv,A1,vazba,,,,,5.2.31,Attitudes to information
nesnášet,A2,slovo,verbum,,,imperfektivní,5.3.9,Emotions
nést,A1,slovo,verbum,,,imperfektivní,4.4.5,Space
nesympatický,A2,slovo,adjektivum,,,,5.3.9,Emotions
neudělat,A1,slovo,verbum,,,perfektivní,6.10.8,Education
neumět,A1,slovo,verbum,,,imperfektivní,5.2.27,Attitudes to information
neurčitý,A2,slovo,adjektivum,,,,6.6.5,Work
nevědět,A2,slovo,verbum,,,imperfektivní,5.2.13,Attitudes to information
nevhodný,A2,slovo,adjektivum,,,,4.7.3,Evaluation
nevlastní,A2,slovo,adjektivum,,,,6.1.13,"Personal details, family"
nevzpomenout si,A2,slovo,verbum,,,perfektivní,5.2.11; 5.2.13,Attitudes to information
nevzpomínat si,A2,slovo,verbum,,,imperfektivní,5.2.11; 5.2.13,Attitudes to information
nezajímat,A2,slovo,verbum,,,imperfektivní,5.3.16; 5.3.29,Emotions
nezajímat se o,A2,vazba,,,,,5.3.16,Emotions
nezaměstnanost,A2,slovo,substantivum,femininum,singulár,,6.11.5,Offices
nezaměstnaný,A1,slovo,substantivum,maskulinum,singulár,,6.6.2,Work
"nezapomeň/te, že",A2,fráze,,,,,5.2.14,Attitudes to information
nezapomenout,A2,slovo,verbum,,,perfektivní,5.2.11; 5.2.12,Attitudes to information
nezařízený,A1,slovo,adjektivum,,,,6.2.1,Housing
nezisková organizace,A2,sousloví,,,,,6.14.2,Contact with Czech society
neziskový,A2,slovo,adjektivum,,,,6.14.2,Contact with Czech society
"nezlob/te se, že",A2,fráze,,,,,5.5.1,Social rituals
než,A1,slovo,konjunkce,,,,4.8.8,Logical relations
nic,A1,slovo,pronomen,,,,4.2.3; 5.2.12; 5.2.13,Quantity; Attitudes to information
nic se neděje,A2,fráze,,,,,5.3.31; 5.4.20; 5.5.2,Emotions; Influencing others; Social rituals
nic se nestalo,A2,fráze,,,,,5.5.2,Social rituals
nikam,A1,slovo,adverbium,,,,4.4.19,Space
nikdy,A1,slovo,adverbium,,,,4.5.13,Time
nízko,A1,slovo,adverbium,,,,4.3.2; 4.3.3,Size and measures
nízký,A1,slovo,adjektivum,,,,4.3.2; 4.3.3; 4.3.9; 4.6.12,Size and measures; Qualities
noc,A1,slovo,substantivum,femininum,singulár,,4.5.1; 5.5.14,Time; Social rituals
noční,A2,slovo,adjektivum,,,,4.5.1,Time
normálně,A1,slovo,adverbium,,,,4.7.7,Evaluation
normální,A1,slovo,adjektivum,,,,4.7.7,Evaluation
nos,A1,slovo,substantivum,maskulinum,singulár,,6.7.1,Health care
nosit,A1,slovo,verbum,,,imperfektivní,6.1.14,"Personal details, family"
nostrifikace,A2,slovo,substantivum,femininum,singulár,,6.10.9,Education
notebook,A2,slovo,substantivum,maskulinum,singulár,,6.10.3,Education
nouze,A2,slovo,substantivum,femininum,singulár,,6.11.5,Offices
nově,A2,slovo,adverbium,,,,4.6.13,Qualities
novinář,A1,slovo,substantivum,maskulinum,singulár,,6.6.1,Work
novinářka,A1,slovo,substantivum,femininum,singulár,,6.6.1,Work
noviny,A1,slovo,substantivum,femininum,,,6.5.14,Free time
nový,A1,slovo,adjektivum,,,,4.6.13,Qualities
nula,A1,slovo,,,,,4.2.1; 4.3.9,Quantity; Size and measures
nůž,A2,slovo,substantivum,maskulinum,singulár,,6.3.16,Food
o,A2,slovo,prepozice,,,,5.3.16; 6.1.9; 6.5.4; 6.7.11,"Emotions; Personal details, family; Free time; Health care"
OAMP,A1,sousloví,,,,,6.11.6,Offices
obarvit,A2,slovo,verbum,,,perfektivní,6.8.9,Shopping and services
občan,A2,slovo,substantivum,maskulinum,singulár,,6.14.3,Contact with Czech society
občanka,A2,slovo,substantivum,femininum,singulár,,6.14.3,Contact with Czech society
občanství,A2,slovo,substantivum,neutrum,singulár,,6.1.9,"Personal details, family"
občerstvení,A2,slovo,substantivum,neutrum,singulár,,6.3.2,Food
obec,A2,slovo,substantivum,femininum,singulár,,6.1.3,"Personal details, family"
obecní,A1,slovo,adjektivum,,,,6.11.1; 6.14.4,Offices; Contact with Czech society
obecní úřad,A1,sousloví,,,,,6.11.1,Offices
oběd,A1,slovo,substantivum,maskulinum,singulár,,6.3.4,Food
obědvat,A1,slovo,verbum,,,imperfektivní,6.3.4,Food
obézní,A2,slovo,adjektivum,,,,6.1.14,"Personal details, family"
obchod,A1,slovo,substantivum,maskulinum,singulár,,6.6.3; 6.8.1,Work; Shopping and services
obchod s elektronikou,A2,sousloví,,,,,6.8.1,Shopping and services
obchodnice,A2,slovo,substantivum,femininum,singulár,,6.8.10,Shopping and services
obchodník,A2,slovo,substantivum,maskulinum,singulár,,6.8.10,Shopping and services
objednat se,A1,slovo,verbum,,,perfektivní,6.7.4,Health care
objednat si,A2,slovo,verbum,,,perfektivní,6.3.3,Food
objednávka,A2,slovo,substantivum,femininum,singulár,,6.3.5,Food
objem,A2,slovo,substantivum,maskulinum,singulár,,4.3.8,Size and measures
objet,A2,slovo,verbum,,,perfektivní,4.4.16; 6.9.4,Space; Travel
objezd,A2,slovo,substantivum,maskulinum,singulár,,4.4.16; 6.9.4,Space; Travel
objíždět,A2,slovo,verbum,,,imperfektivní,4.4.16; 6.9.4,Space; Travel
objížďka,A2,slovo,substantivum,femininum,singulár,,4.4.16; 6.9.4,Space; Travel
oblečení,A1,slovo,substantivum,neutrum,singulár,,6.8.2; 6.8.8,Shopping and services
oblek,A2,slovo,substantivum,maskulinum,singulár,,6.8.3,Shopping and services
oblékat se,A1,slovo,verbum,,,imperfektivní,6.4.1,Daily routine
obléknout se,A2,slovo,verbum,,,perfektivní,6.4.1,Daily routine
obličej,A1,slovo,substantivum,maskulinum,singulár,,6.7.1,Health care
obor,A1,slovo,substantivum,maskulinum,singulár,,6.10.7,Education
obsluha,A2,slovo,substantivum,femininum,singulár,,6.3.3,Food
obuv,A1,slovo,substantivum,femininum,singulár,,6.8.1,Shopping and services
obuv,A2,slovo,substantivum,femininum,singulár,,6.8.2; 6.8.8,Shopping and services
obuv bez podpatku,A2,sousloví,,,,,6.8.3,Shopping and services
obuv s podpatkem,A2,sousloví,,,,,6.8.3,Shopping and services
obviněný,A2,slovo,substantivum,maskulinum,singulár,,6.12.1,Police and emergencies
obvykle,A2,slovo,adverbium,,,,4.7.7,Evaluation
obyčejně,A1,slovo,adverbium,,,,4.7.7; 6.8.11,Evaluation; Shopping and services
obyčejně,A2,slovo,adverbium,,,,6.8.11,Shopping and services
obyčejný,A2,slovo,adjektivum,,,,4.7.7; 6.8.11,Evaluation; Shopping and services
obývací,A2,slovo,adjektivum,,,,6.2.3,Housing
obývací pokoj,A2,sousloví,,,,,6.2.3,Housing
obývák,A2,slovo,substantivum,maskulinum,singulár,,6.2.3,Housing
obžalovaný,A2,slovo,substantivum,maskulinum,singulár,,6.11.8,Offices
ocel,A2,slovo,substantivum,femininum,singulár,,4.6.9,Qualities
oči,A1,slovo,substantivum,femininum,plurál,,6.1.14; 6.7.1,"Personal details, family; Health care"
očkovací,A2,slovo,adjektivum,,,,6.7.11,Health care
očkovací průkaz,A2,sousloví,,,,,6.7.11,Health care
očkování,A1,slovo,substantivum,neutrum,singulár,,6.7.4; 6.7.10,Health care
oční,A2,slovo,adjektivum,,,,6.7.6,Health care
oční lékař,A2,sousloví,,,,,6.7.6,Health care
od,A2,slovo,prepozice,,,,5.1.9,Giving information
odbavení,A2,slovo,substantivum,neutrum,singulár,,6.9.11,Travel
odbavit se,A2,slovo,verbum,,,perfektivní,6.9.11,Travel
odbočit,A2,slovo,verbum,,,perfektivní,4.4.17,Space
odbočka,A2,slovo,substantivum,femininum,singulár,,4.4.17,Space
odbočovat,A2,slovo,verbum,,,imperfektivní,4.4.17,Space
odbor,A2,slovo,substantivum,maskulinum,singulár,,6.11.1,Offices
odborný,A2,slovo,adjektivum,,,,6.7.6; 6.10.1; 6.10.9,Health care; Education
odborný lékař,A2,sousloví,,,,,6.7.6,Health care
oddělení,A1,slovo,substantivum,neutrum,singulár,,6.11.6,Offices
oddělení,A2,slovo,substantivum,neutrum,singulár,,6.7.7; 6.8.1,Health care; Shopping and services
oddělení pobytu cizinců,A1,sousloví,,,,,6.11.6,Offices
odejít,A1,slovo,verbum,,,perfektivní,4.4.8,Space
odesílatel,A1,slovo,substantivum,maskulinum,singulár,,6.8.11,Shopping and services
oděv,A2,slovo,substantivum,maskulinum,singulár,,6.8.8,Shopping and services
oděvy,A1,slovo,substantivum,maskulinum,plurál,,6.8.1,Shopping and services
odcházet,A1,slovo,verbum,,,imperfektivní,4.4.8,Space
odjet,A1,slovo,verbum,,,perfektivní,4.4.8; 6.9.10,Space; Travel
odjezd,A1,slovo,substantivum,maskulinum,singulár,,4.4.8,Space
odjíždět,A1,slovo,verbum,,,imperfektivní,4.4.8; 6.9.10,Space; Travel
odkdy,A1,slovo,adverbium,,,,4.5.9; 4.5.12; 5.1.8,Time; Giving information
odkud,A1,slovo,adverbium,,,,4.4.8; 4.4.9; 4.4.10; 5.1.8,Space; Giving information
odlet,A2,slovo,substantivum,maskulinum,singulár,,5.1.9; 4.4.8,Giving information; Space
odletět,A2,slovo,verbum,,,perfektivní,4.4.8; 6.9.11,Space; Travel
odložit si,A1,slovo,verbum,,,perfektivní,6.7.4,Health care
odměna,A2,slovo,substantivum,femininum,singulár,,6.6.6,Work
odněkud,A2,slovo,adverbium,,,,4.4.20,Space
odnést,A2,slovo,verbum,,,perfektivní,4.4.9,Space
odnikud,A2,slovo,adverbium,,,,4.4.20,Space
odpad,A1,slovo,substantivum,maskulinum,singulár,,6.2.6,Housing
odpočinout si,A2,slovo,verbum,,,perfektivní,6.4.1,Daily routine
odpočívat,A1,slovo,verbum,,,imperfektivní,6.4.1,Daily routine
odpoledne,A1,slovo,adverbium,,,,4.5.1,Time
odpolední,A2,slovo,adjektivum,,,,4.5.1,Time
odpovědět,A1,slovo,verbum,,,perfektivní,6.10.5,Education
odpovědní,A2,slovo,adjektivum,,,,6.10.8,Education
odpovědní list,A2,sousloví,,,,,6.10.8,Education
odpovídat,A1,slovo,verbum,,,imperfektivní,6.10.5,Education
odtamtud,A2,slovo,adverbium,,,,4.4.20,Space
odtud,A2,slovo,adverbium,,,,4.4.20,Space
odvážný,A2,slovo,adjektivum,,,,6.1.15,"Personal details, family"
odvést,A2,slovo,verbum,,,perfektivní,4.4.9,Space
odvézt,A2,slovo,verbum,,,perfektivní,4.4.9,Space
ohlásit,A2,slovo,verbum,,,perfektivní,6.11.6; 6.12.1,Offices; Police and emergencies
oholit se,A2,slovo,verbum,,,perfektivní,6.4.2,Daily routine
ochutnat,A2,slovo,verbum,,,perfektivní,4.6.6,Qualities
ojetý,A2,slovo,adjektivum,,,,6.9.5,Travel
okno,A1,slovo,substantivum,neutrum,singulár,,6.2.3,Housing
oko,A1,slovo,substantivum,neutrum,singulár,,6.7.1,Health care
okresní,A2,slovo,adjektivum,,,,6.14.4,Contact with Czech society
okurka,A1,slovo,substantivum,femininum,singulár,,6.3.10,Food
olej,A2,slovo,substantivum,maskulinum,singulár,,6.3.13,Food
olympiáda,A2,slovo,substantivum,femininum,singulár,,6.5.8,Free time
omáčka,A1,slovo,substantivum,femininum,singulár,,6.3.6,Food
omezený,A2,slovo,adjektivum,,,,6.6.8,Work
omlouvám se,A2,fráze,,,,,5.6.14,Discourse
omlouvat se,A1,slovo,verbum,,,imperfektivní,5.5.1; 5.6.14,Social rituals; Discourse
opakovat,A1,slovo,verbum,,,imperfektivní,6.10.5; 6.10.8,Education
opera,A2,slovo,substantivum,femininum,singulár,,6.5.11,Free time
operace,A1,slovo,substantivum,femininum,singulár,,6.7.4,Health care
operovat,A2,slovo,verbum,,,imperfektivní,6.7.4,Health care
opoziční,A2,slovo,adjektivum,,,,6.14.3,Contact with Czech society
oprava,A1,slovo,substantivum,femininum,singulár,,6.2.6; 6.9.5,Housing; Travel
opravář,A1,slovo,substantivum,maskulinum,singulár,,6.8.10,Shopping and services
opravdu,A1,slovo,adverbium,,,,5.2.15,Attitudes to information
opravit,A1,slovo,verbum,,,perfektivní,4.7.2; 6.2.5; 6.8.9; 6.9.5,Evaluation; Housing; Shopping and services; Travel
opravna,A2,slovo,substantivum,femininum,singulár,,6.8.8,Shopping and services
opravna obuvi,A2,sousloví,,,,,6.8.8,Shopping and services
opravna oděvů,A2,sousloví,,,,,6.8.8,Shopping and services
opravovat,A1,slovo,verbum,,,imperfektivní,6.2.5; 6.8.9; 6.9.5,Housing; Shopping and services; Travel
optika,A2,slovo,substantivum,femininum,singulár,,6.8.8,Shopping and services
optimista,A2,slovo,substantivum,maskulinum,singulár,,6.1.15,"Personal details, family"
optimistka,A2,slovo,substantivum,femininum,singulár,,6.1.15,"Personal details, family"
oranžová,A2,slovo,substantivum,femininum,singulár,,6.9.4,Travel
oranžový,A1,slovo,adjektivum,,,,4.6.8,Qualities
ordinace,A1,slovo,substantivum,femininum,singulár,,6.7.7,Health care
ordinační,A1,slovo,adjektivum,,,,6.7.4,Health care
ordinační hodiny,A1,sousloví,,,,,6.7.4,Health care
ordinovat,A2,slovo,verbum,,,imperfektivní,6.7.4,Health care
organizace,A2,slovo,substantivum,femininum,singulár,,6.14.2,Contact with Czech society
orchestr,A1,slovo,substantivum,maskulinum,singulár,,6.5.12,Free time
orientační,A2,slovo,adjektivum,,,,6.1.3,"Personal details, family"
osmažit,A2,slovo,verbum,,,perfektivní,6.3.15,Food
osoba,A2,slovo,substantivum,femininum,singulár,,6.6.8,Work
osobně,A1,slovo,adverbium,,,,6.11.6,Offices
osobní,A1,slovo,adjektivum,,,,6.1.12; 6.6.6; 6.9.1; 6.11.1,"Personal details, family; Work; Travel; Offices"
osobní doklad,A1,sousloví,,,,,6.1.12; 6.11.1,"Personal details, family; Offices"
osprchovat se,A2,slovo,verbum,,,perfektivní,6.4.2,Daily routine
ostrý,A2,slovo,adjektivum,,,,4.6.6,Qualities
ostříhat,A2,slovo,verbum,,,perfektivní,6.8.9,Shopping and services
OSVČ,A1,sousloví,,,,,6.6.8,Work
ošetřit,A2,slovo,verbum,,,perfektivní,6.8.9,Shopping and services
ošetřovat,A2,slovo,verbum,,,imperfektivní,6.8.9,Shopping and services
ošetřovatel,A2,slovo,substantivum,maskulinum,singulár,,6.7.6,Health care
ošetřovatelka,A2,slovo,substantivum,femininum,singulár,,6.7.6,Health care
ošetřovné,A2,slovo,substantivum,neutrum,singulár,,6.7.13,Health care
ošetřovné na dítě,A2,sousloví,,,,,6.7.13,Health care
ošklivý,A1,slovo,adjektivum,,,,6.1.14,"Personal details, family"
otáčet se,A2,slovo,verbum,,,imperfektivní,4.4.6,Space
otec,A1,slovo,substantivum,maskulinum,singulár,,6.1.1; 6.1.13,"Personal details, family"
oteklý,A2,slovo,adjektivum,,,,6.7.2,Health care
otevírat,A1,slovo,verbum,,,imperfektivní,7.1,
otevřeno,A1,slovo,verbum,,,perfektivní,6.5.13,Free time
otevřít,A1,slovo,verbum,,,perfektivní,6.7.4; 6.8.12,Health care; Shopping and services
otevřít účet,A1,sousloví,,,,,6.8.12,Shopping and services
otočit se,A2,slovo,verbum,,,perfektivní,4.4.6,Space
ověřený,A2,slovo,adjektivum,,,,6.11.7,Offices
ověřit,A2,slovo,verbum,,,perfektivní,6.11.7,Offices
ověřovat,A2,slovo,verbum,,,imperfektivní,6.11.7,Offices
ovoce,A1,slovo,substantivum,neutrum,singulár,,6.3.10; 6.8.1,Food; Shopping and services
ovoce a zelenina,A1,sousloví,,,,,6.8.1,Shopping and services
ovocný,A2,slovo,adjektivum,,,,6.3.10,Food
označit,A2,slovo,verbum,,,perfektivní,6.9.8,Travel
označit jízdenku,A2,sousloví,,,,,6.9.8,Travel
označit křížkem,A1,sousloví,,,,,6.10.8,Education
oznámení,A2,slovo,substantivum,neutrum,singulár,,6.11.8,Offices
oženit se,A2,slovo,verbum,,,perfektivní,6.1.8,"Personal details, family"
P.O. box,A2,slovo,substantivum,maskulinum,singulár,,6.1.3,"Personal details, family"
padat,A2,slovo,verbum,,,imperfektivní,4.4.11,Space
padesát,A1,slovo,,,,,4.2.1,Quantity
páchnout,A2,slovo,verbum,,,imperfektivní,4.6.7,Qualities
pak,A1,slovo,adverbium,,,,4.5.7,Time
palačinka,A2,slovo,substantivum,femininum,singulár,,6.3.9,Food
pálivý,A2,slovo,adjektivum,,,,4.6.6,Qualities
palubní,A2,slovo,adjektivum,,,,6.9.11,Travel
palubní vstupenka,A2,sousloví,,,,,6.9.11,Travel
památka,A2,slovo,substantivum,femininum,singulár,,6.5.2; 6.9.12,Free time; Travel
památky,A2,slovo,substantivum,femininum,plurál,,6.5.2,Free time
pamatovat si,A2,slovo,verbum,,,imperfektivní,5.2.11; 5.2.12; 5.2.13,Attitudes to information
"pamatuj/te si, že",A2,fráze,,,,,5.2.14,Attitudes to information
pan,A1,slovo,substantivum,maskulinum,singulár,,5.5.13; 5.6.1; 6.1.2,"Social rituals; Discourse; Personal details, family"
pane,A1,fráze,,,,,5.5.12; 5.5.13; 6.1.2,"Social rituals; Personal details, family"
pane doktore,A1,fráze,,,,,6.7.6,Health care
pane inženýre,A1,fráze,,,,,6.1.2,"Personal details, family"
pane magistře,A1,fráze,,,,,6.8.6,Shopping and services
panel,A2,slovo,substantivum,maskulinum,singulár,,6.2.5,Housing
pánev,A2,slovo,substantivum,femininum,singulár,,6.3.16,Food
paní,A1,slovo,substantivum,femininum,singulár,,5.5.12; 5.5.13; 5.6.1; 6.1.2,"Social rituals; Discourse; Personal details, family"
páni,A1,slovo,substantivum,maskulinum,plurál,,6.7.6; 6.8.6; 6.1.7,"Health care; Shopping and services; Personal details, family"
páni a dámy,A1,fráze,,,,,6.1.7,"Personal details, family"
paní doktorko,A1,fráze,,,,,6.7.6,Health care
paní inženýrko,A1,fráze,,,,,6.1.2,"Personal details, family"
paní magistro,A1,fráze,,,,,6.8.6,Shopping and services
pantofle,A2,slovo,substantivum,maskulinum,plurál,,6.8.3,Shopping and services
papír,A1,slovo,substantivum,maskulinum,singulár,,4.6.9; 6.4.2; 6.10.3,Qualities; Daily routine; Education
papírnictví,A2,slovo,substantivum,neutrum,singulár,,6.8.1,Shopping and services
papírový,A2,slovo,adjektivum,,,,4.6.9,Qualities
paprika,A2,slovo,substantivum,femininum,singulár,,6.3.10,Food
pardon,A1,slovo,substantivum,maskulinum,singulár,,5.5.11,Social rituals
párek,A1,slovo,substantivum,maskulinum,singulár,,6.3.7,Food
parkovat,A1,slovo,verbum,,,imperfektivní,6.9.5,Travel
parkoviště,A1,slovo,substantivum,neutrum,singulár,,6.9.5,Travel
parlament,A2,slovo,substantivum,maskulinum,singulár,,6.14.3,Contact with Czech society
partner,A2,slovo,substantivum,maskulinum,singulár,,6.1.8,"Personal details, family"
partnerka,A2,slovo,substantivum,femininum,singulár,,6.1.8,"Personal details, family"
pas,A1,slovo,substantivum,maskulinum,singulár,,6.1.12,"Personal details, family"
pás,A2,slovo,substantivum,maskulinum,singulár,,6.9.3,Travel
pasta,A1,slovo,substantivum,femininum,singulár,,6.4.2,Daily routine
pasta na zuby,A1,sousloví,,,,,6.4.2,Daily routine
paštika,A2,slovo,substantivum,femininum,singulár,,6.3.7,Food
pátek,A1,slovo,substantivum,maskulinum,singulár,,4.5.1,Time
patro,A2,slovo,substantivum,neutrum,singulár,,6.2.1,Housing
patřit,A2,slovo,verbum,,,imperfektivní,4.8.9,Logical relations
pátý,A1,slovo,,,,,4.2.4,Quantity
péct,A2,slovo,verbum,,,imperfektivní,6.3.15,Food
pečivo,A2,slovo,substantivum,neutrum,singulár,,6.3.11,Food
pedikúra,A2,slovo,substantivum,femininum,singulár,,6.8.8,Shopping and services
pekáč,A2,slovo,substantivum,maskulinum,singulár,,6.3.16,Food
pekařství,A1,slovo,substantivum,neutrum,singulár,,6.8.1,Shopping and services
pěkný,A1,slovo,adjektivum,,,,5.3.2,Emotions
peníze,A1,slovo,substantivum,maskulinum,,,6.8.6; 6.8.12,Shopping and services
pepř,A2,slovo,substantivum,maskulinum,singulár,,6.3.13,Food
perlivý,A2,slovo,adjektivum,,,,6.3.14,Food
pes,A1,slovo,substantivum,maskulinum,singulár,,6.13.2,Environment and weather
pesimista,A2,slovo,substantivum,maskulinum,singulár,,6.1.15,"Personal details, family"
pesimistka,A2,slovo,substantivum,femininum,singulár,,6.1.15,"Personal details, family"
pěstovat,A2,slovo,verbum,,,imperfektivní,6.13.2,Environment and weather
pěší,A2,slovo,adjektivum,,,,6.9.4,Travel
pěší zóna,A2,sousloví,,,,,6.9.4,Travel
petržel,A2,slovo,substantivum,maskulinum,singulár,,6.3.10,Food
pevná linka,A1,sousloví,,,,,6.1.4,"Personal details, family"
pevný,A2,slovo,adjektivum,,,,4.6.10,Qualities
pevný,A1,slovo,adjektivum,,,,6.1.4; 6.2.5,"Personal details, family; Housing"
piano,A2,slovo,substantivum,neutrum,singulár,,6.5.6,Free time
píchnout,A2,slovo,verbum,,,perfektivní,6.7.4,Health care
PIN,A1,slovo,substantivum,maskulinum,singulár,,6.8.7,Shopping and services
písemný,A1,slovo,adjektivum,,,,6.10.8,Education
píše se tam,A1,fráze,,,,,5.7.8,Communication strategies
pít,A1,slovo,verbum,,,imperfektivní,6.3.1,Food
pití,A1,slovo,substantivum,neutrum,singulár,,6.3.1,Food
pivo,A1,slovo,substantivum,neutrum,singulár,,6.3.14,Food
pizza,A1,slovo,substantivum,femininum,singulár,,6.3.6,Food
plán,A2,slovo,substantivum,maskulinum,singulár,,5.2.36,Attitudes to information
plast,A2,slovo,substantivum,maskulinum,singulár,,4.6.9,Qualities
plastový,A2,slovo,adjektivum,,,,4.6.9,Qualities
pláštěnka,A2,slovo,substantivum,femininum,singulár,,6.8.3,Shopping and services
plat,A1,slovo,substantivum,maskulinum,singulár,,6.6.6; 6.9.6; 6.11.3,Work; Travel; Offices
platit,A1,slovo,verbum,,,imperfektivní,6.2.6; 6.3.3; 6.6.6; 6.7.12,Housing; Food; Work; Health care
platný,A2,slovo,adjektivum,,,,6.8.6; 6.8.7; 6.9.6; 6.11.4; 6.1.12,"Shopping and services; Travel; Offices; Personal details, family"
plavání,A1,slovo,substantivum,neutrum,singulár,,6.5.7,Free time
plavat,A1,slovo,verbum,,,imperfektivní,4.4.4; 6.5.6; 6.5.7,Space; Free time
plavky,A2,slovo,substantivum,femininum,,,6.5.9,Free time
ples,A1,slovo,substantivum,maskulinum,singulár,,6.5.11,Free time
pleš,A2,slovo,substantivum,femininum,singulár,,6.1.14,"Personal details, family"
plíce,A2,slovo,substantivum,femininum,,,6.7.1; 6.7.5,Health care
plnoštíhlý,A2,slovo,adjektivum,,,,6.1.14,"Personal details, family"
plný,A1,slovo,adjektivum,,,,4.2.3,Quantity
plomba,A2,slovo,substantivum,femininum,singulár,,6.7.8,Health care
plombovat,A2,slovo,verbum,,,imperfektivní,6.7.8,Health care
plus,A1,slovo,substantivum,neutrum,singulár,,4.3.9,Size and measures
plyn,A1,slovo,substantivum,maskulinum,singulár,,6.2.5; 6.2.6,Housing
plzeňské,A2,slovo,substantivum,neutrum,singulár,,6.3.14,Food
pneumatika,A2,slovo,substantivum,femininum,singulár,,6.9.3,Travel
pneuservis,A2,slovo,substantivum,maskulinum,singulár,,6.9.5,Travel
po,A2,slovo,prepozice,,,,5.3.34,Emotions
pobyt,A1,slovo,substantivum,maskulinum,singulár,,6.1.12; 6.11.6,"Personal details, family; Offices"
počasí,A1,slovo,substantivum,neutrum,singulár,,6.5.3; 6.5.4; 6.13.3,Free time; Environment and weather
počet,A2,slovo,substantivum,maskulinum,singulár,,4.2.1,Quantity
počítač,A1,slovo,substantivum,maskulinum,singulár,,6.2.5; 6.5.2,Housing; Free time
počítačový,A1,slovo,adjektivum,,,,6.5.5,Free time
počítat,A1,slovo,verbum,,,imperfektivní,4.2.2; 6.10.5,Quantity; Education
počkat,A2,slovo,verbum,,,perfektivní,5.4.18; 6.9.10,Influencing others; Travel
"počkej/te, pomůžu ti/vám",A2,fráze,,,,,5.4.18,Influencing others
podání,A2,slovo,substantivum,neutrum,singulár,,6.12.1,Police and emergencies
podání vysvětlení,A2,sousloví,,,,,6.12.1,Police and emergencies
podat,A2,slovo,verbum,,,perfektivní,6.11.3; 6.11.7,Offices
podepsat,A1,slovo,verbum,,,perfektivní,6.1.12; 6.6.5,"Personal details, family; Work"
podezřelý,A2,slovo,substantivum,maskulinum,singulár,,6.12.1,Police and emergencies
podívat se,A2,slovo,verbum,,,perfektivní,4.6.4; 6.5.2; 6.8.5,Qualities; Free time; Shopping and services
podlaha,A2,slovo,substantivum,femininum,singulár,,6.2.3,Housing
podnájem,A2,slovo,substantivum,maskulinum,singulár,,6.2.2,Housing
podnik,A1,slovo,substantivum,maskulinum,singulár,,6.6.3,Work
podnikat,A1,slovo,verbum,,,imperfektivní,6.6.8,Work
podnikatel,A1,slovo,substantivum,maskulinum,singulár,,6.6.1,Work
podnikatelka,A1,slovo,substantivum,femininum,singulár,,6.6.1,Work
podnikový,A2,slovo,adjektivum,,,,6.3.2,Food
podobný,A2,slovo,adjektivum,,,,4.8.8,Logical relations
podpatek,A2,slovo,substantivum,maskulinum,singulár,,6.8.3,Shopping and services
podpis,A1,slovo,substantivum,maskulinum,singulár,,6.1.12,"Personal details, family"
podpora,A2,slovo,substantivum,femininum,singulár,,6.11.5,Offices
podpora v nezaměstnanosti,A2,sousloví,,,,,6.11.5,Offices
podřízený,A2,slovo,substantivum,maskulinum,singulár,,6.6.4,Work
podzim,A1,slovo,substantivum,maskulinum,singulár,,4.5.1,Time
podzimní,A2,slovo,adjektivum,,,,4.5.1,Time
poezie,A2,slovo,substantivum,femininum,singulár,,6.5.14,Free time
pohádka,A2,slovo,substantivum,femininum,singulár,,6.5.3; 6.5.14,Free time
pohlaví,A2,slovo,substantivum,neutrum,singulár,,6.1.7,"Personal details, family"
pohlednice,A1,slovo,substantivum,femininum,singulár,,6.8.11,Shopping and services
pohodlný,A2,slovo,adjektivum,,,,6.2.4,Housing
pohotovost,A1,slovo,substantivum,femininum,singulár,,6.7.7,Health care
pochybovat,A2,slovo,verbum,,,imperfektivní,5.2.18,Attitudes to information
"pochybovat, že",A2,vazba,,,,,5.2.18,Attitudes to information
pojďme + infinitiv,A2,vazba,,,,,5.4.8,Influencing others
pojistit,A1,slovo,verbum,,,perfektivní,6.8.14; 6.11.4,Shopping and services; Offices
pojistit se,A2,slovo,verbum,,,perfektivní,6.7.12; 6.11.4,Health care; Offices
pojistné,A2,slovo,substantivum,neutrum,singulár,,6.7.12; 6.8.14; 6.11.4,Health care; Shopping and services; Offices
pojištěnec,A1,slovo,substantivum,maskulinum,singulár,,6.7.11,Health care
pojištění,A1,slovo,substantivum,neutrum,singulár,,6.1.12; 6.7.12; 6.7.13,"Personal details, family; Health care"
pojištěný,A2,slovo,adjektivum,,,,6.8.14; 6.9.2; 6.11.4; 6.7.12,Shopping and services; Travel; Offices; Health care
pojišťovák,A2,slovo,substantivum,maskulinum,singulár,,6.8.10,Shopping and services
pojišťovatel,A2,slovo,substantivum,maskulinum,singulár,,6.8.10,Shopping and services
pojišťovatelka,A2,slovo,substantivum,femininum,singulár,,6.8.10,Shopping and services
pojišťovna,A2,slovo,substantivum,femininum,singulár,,6.7.12; 6.8.6; 6.8.8; 6.8.14,Health care; Shopping and services
pokládat,A2,slovo,verbum,,,imperfektivní,4.4.7,Space
pokladna,A1,slovo,substantivum,femininum,singulár,,6.5.13; 6.8.7; 6.9.10,Free time; Shopping and services; Travel
pokladní,A1,slovo,substantivum,,singulár,,6.8.10,Shopping and services
pokoj,A1,slovo,substantivum,maskulinum,singulár,,6.2.3; 6.7.7,Housing; Health care
pokračování,A2,slovo,substantivum,neutrum,singulár,,4.5.11,Time
pokračovat,A1,slovo,verbum,,,imperfektivní,4.5.11,Time
pokuta,A2,slovo,substantivum,femininum,singulár,,6.9.6,Travel
pole,A2,slovo,substantivum,neutrum,singulár,,6.13.1,Environment and weather
poledne,A1,slovo,substantivum,neutrum,singulár,,4.5.1,Time
polévka,A1,slovo,substantivum,femininum,singulár,,6.3.5,Food
policejní,A2,slovo,adjektivum,,,,6.12.1,Police and emergencies
policejní cela,A2,sousloví,,,,,6.12.1,Police and emergencies
policie,A1,slovo,substantivum,femininum,singulár,,6.9.6; 6.12.1; 6.14.4,Travel; Police and emergencies; Contact with Czech society
policista,A1,slovo,substantivum,maskulinum,singulár,,6.6.1; 6.12.1,Work; Police and emergencies
policistka,A1,slovo,substantivum,femininum,singulár,,6.6.1; 6.12.1,Work; Police and emergencies
polička,A2,slovo,substantivum,femininum,singulár,,6.2.4,Housing
poliklinika,A1,slovo,substantivum,femininum,singulár,,6.7.7,Health care
politický,A2,slovo,adjektivum,,,,6.14.3,Contact with Czech society
politička,A2,slovo,substantivum,femininum,singulár,,6.14.3,Contact with Czech society
politik,A2,slovo,substantivum,maskulinum,singulár,,6.14.3,Contact with Czech society
politika,A2,slovo,substantivum,femininum,singulár,,6.5.6,Free time
polojasno,A2,slovo,adverbium,,,,6.13.3,Environment and weather
polovina,A2,slovo,substantivum,femininum,singulár,,4.2.3,Quantity
položit,A2,slovo,verbum,,,perfektivní,4.4.7; 6.2.4,Space; Housing
polyester,A1,slovo,substantivum,maskulinum,singulár,,4.6.9,Qualities
pomáhat,A1,slovo,verbum,,,imperfektivní,6.14.2,Contact with Czech society
pomalu,A1,slovo,adverbium,,,,4.3.5; 5.7.4,Size and measures; Communication strategies
pomalý,A1,slovo,adjektivum,,,,4.3.5,Size and measures
pomeranč,A1,slovo,substantivum,maskulinum,singulár,,6.3.10,Food
pomoc,A1,slovo,substantivum,femininum,singulár,,6.11.5,Offices
pomoc v hmotné nouzi,A2,sousloví,,,,,6.11.5,Offices
pomoct,A1,slovo,verbum,,,imperfektivní,5.4.16; 5.4.18; 6.12.2,Influencing others; Police and emergencies
pomoz/te prosím,A1,fráze,,,,,5.4.16,Influencing others
pomůcka,A2,slovo,substantivum,femininum,singulár,,6.6.5,Work
pondělí,A1,slovo,substantivum,neutrum,singulár,,4.5.1,Time
pondělní,A2,slovo,adjektivum,,,,4.5.1,Time
ponožky,A2,slovo,substantivum,femininum,plurál,,6.8.3,Shopping and services
pop,A1,slovo,substantivum,maskulinum,singulár,,6.5.15,Free time
popisný,A2,slovo,adjektivum,,,,6.1.3,"Personal details, family"
poplatek,A1,slovo,substantivum,maskulinum,singulár,,6.2.6; 6.7.4; 6.8.13; 6.11.1,Housing; Health care; Shopping and services; Offices
poplatek do fondu oprav,A2,sousloví,,,,,6.11.6; 6.2.6,Offices; Housing
poplatek za elektřinu,A1,sousloví,,,,,6.2.6,Housing
poplatek za internet,A2,sousloví,,,,,6.2.6,Housing
poplatek za pevnou linku,A2,sousloví,,,,,6.2.6,Housing
poplatek za plyn,A1,sousloví,,,,,6.2.6,Housing
poplatek za televizi a rozhlas,A1,sousloví,,,,,6.2.6,Housing
poplatek za teplo,A1,sousloví,,,,,6.2.6,Housing
poplatek za vodu,A1,sousloví,,,,,6.2.6,Housing
poplatky,A1,slovo,substantivum,maskulinum,plurál,,6.2.6,Housing
poplatky za odpad,A1,sousloví,,,,,6.2.6,Housing
porcelán,A2,slovo,substantivum,maskulinum,singulár,,4.6.9,Qualities
porcelánový,A2,slovo,adjektivum,,,,4.6.9,Qualities
porod,A2,slovo,substantivum,maskulinum,singulár,,6.7.9,Health care
porodné,A2,slovo,substantivum,neutrum,singulár,,6.11.5,Offices
porodnice,A2,slovo,substantivum,femininum,singulár,,6.7.7; 6.7.9,Health care
porozumět,A2,slovo,verbum,,,perfektivní,7.1,
porucha,A1,slovo,substantivum,femininum,singulár,,4.6.11; 6.12.3,Qualities; Police and emergencies
pořad,A2,slovo,substantivum,maskulinum,singulár,,6.5.3,Free time
pořád,A1,slovo,adverbium,,,,4.5.11,Time
pořádek,A1,slovo,substantivum,maskulinum,singulár,,4.6.3; 5.5.2,Qualities; Social rituals
posadit,A2,slovo,verbum,,,perfektivní,4.4.7,Space
poschodí,A1,slovo,substantivum,neutrum,singulár,,6.2.1,Housing
posílat,A2,slovo,verbum,,,imperfektivní,4.4.7; 6.5.5; 6.7.4; 6.8.11,Space; Free time; Health care; Shopping and services
posilovna,A1,slovo,substantivum,femininum,singulár,,6.5.9,Free time
poslanec,A2,slovo,substantivum,maskulinum,singulár,,6.14.3,Contact with Czech society
poslanecká sněmovna,A2,sousloví,,,,,6.14.3,Contact with Czech society
poslanecký,A2,slovo,adjektivum,,,,6.14.3,Contact with Czech society
poslankyně,A2,slovo,substantivum,femininum,singulár,,6.14.3,Contact with Czech society
poslat,A1,slovo,verbum,,,perfektivní,4.4.7; 6.5.5; 6.7.4; 6.8.11,Space; Free time; Health care; Shopping and services
poslední,A1,slovo,,,,,4.2.4,Quantity
poslechnout si,A2,slovo,verbum,,,perfektivní,4.6.5; 6.5.2,Qualities; Free time
poslouchám tě/vás,A1,fráze,,,,,5.6.17,Discourse
poslouchat,A1,slovo,verbum,,,imperfektivní,4.6.5; 6.5.2,Qualities; Free time
pospíchat,A2,slovo,verbum,,,imperfektivní,4.3.5,Size and measures
postava,A2,slovo,substantivum,femininum,singulár,,6.1.14,"Personal details, family"
postavit,A2,slovo,verbum,,,perfektivní,4.4.7,Space
postel,A1,slovo,substantivum,femininum,singulár,,6.2.4,Housing
postižený,A2,slovo,substantivum,maskulinum,singulár,,6.11.4; 6.11.5,Offices
poškozený,A2,slovo,adjektivum,,,,4.6.11,Qualities
pošta,A1,slovo,substantivum,femininum,singulár,,6.1.3; 6.8.8,"Personal details, family; Shopping and services"
pošťačka,A2,slovo,substantivum,femininum,singulár,,6.8.10,Shopping and services
pošťák,A2,slovo,substantivum,maskulinum,singulár,,6.8.10,Shopping and services
poštovné,A2,slovo,substantivum,neutrum,singulár,,6.8.11,Shopping and services
poštovní,A2,slovo,adjektivum,,,,6.8.11,Shopping and services
poštovní poukázka,A1,sousloví,,,,,6.8.11,Shopping and services
poštovní schránka,A2,sousloví,,,,,6.8.11,Shopping and services
potok,A2,slovo,substantivum,maskulinum,singulár,,6.13.1,Environment and weather
potom,A1,slovo,adverbium,,,,4.5.7,Time
potrat,A2,slovo,substantivum,maskulinum,singulár,,6.7.9,Health care
potraviny,A1,slovo,substantivum,femininum,plurál,,6.8.2,Shopping and services
potřeba,A2,slovo,substantivum,femininum,singulár,,6.8.1; 6.8.2,Shopping and services
potřebný,A2,slovo,adjektivum,,,,4.7.4,Evaluation
potřebovat,A1,slovo,verbum,,,imperfektivní,4.7.4; 5.2.32; 5.2.33; 5.2.34; 5.4.18; 5.4.20,Evaluation; Attitudes to information; Influencing others
potvrzení,A1,slovo,substantivum,neutrum,singulár,,6.8.4; 6.7.11,Shopping and services; Health care
potvrzení o preventivní prohlídce,A1,sousloví,,,,,6.7.11,Health care
poukaz,A1,slovo,substantivum,maskulinum,singulár,,6.11.6,Offices
pouštět si,A2,slovo,verbum,,,imperfektivní,6.5.5,Free time
použít,A2,slovo,verbum,,,perfektivní,4.7.4,Evaluation
používat,A2,slovo,verbum,,,imperfektivní,4.7.4,Evaluation
povaha,A2,slovo,substantivum,femininum,singulár,,6.1.15,"Personal details, family"
pověsit,A2,slovo,verbum,,,perfektivní,4.4.7,Space
povídat si o,A2,slovo,verbum,,,imperfektivní,7.1,
povodeň,A2,slovo,substantivum,femininum,singulár,,6.12.3,Police and emergencies
povolání,A1,slovo,substantivum,neutrum,singulár,,6.6.1,Work
povolení,A1,slovo,substantivum,neutrum,singulár,,6.1.12; 6.11.5; 6.11.6,"Personal details, family; Offices"
povolení k pobytu,A1,sousloví,,,,,6.1.12; 6.11.6,"Personal details, family; Offices"
povolení k zaměstnání,A1,sousloví,,,,,6.11.5,Offices
pozdě,A1,slovo,adverbium,,,,4.5.8,Time
později,A2,slovo,adverbium,,,,4.5.7,Time
pozdrav,A1,slovo,substantivum,maskulinum,singulár,,5.6.3,Discourse
pozítří,A2,slovo,adverbium,,,,4.5.4,Time
poznávat,A2,slovo,verbum,,,imperfektivní,5.5.17,Social rituals
pozor,A1,slovo,substantivum,maskulinum,singulár,,5.4.13; 6.10.5,Influencing others; Education
pozor na,A1,vazba,,,,,5.4.13,Influencing others
"pozor, ať",A2,vazba,,,,,5.4.13,Influencing others
pozvat,A2,slovo,verbum,,,perfektivní,6.14.2,Contact with Czech society
požádat,A2,slovo,verbum,,,perfektivní,6.1.9; 6.11.1; 6.11.2,"Personal details, family; Offices"
požádat o občanství,A2,sousloví,,,,,6.11.4; 6.11.5; 6.1.9,"Offices; Personal details, family"
požár,A2,slovo,substantivum,maskulinum,singulár,,6.12.3,Police and emergencies
práce,A1,slovo,substantivum,femininum,singulár,,6.4.3; 6.6.5; 6.6.7,Daily routine; Work
práce přesčas,A2,sousloví,,,,,6.6.5,Work
prací,A2,slovo,adjektivum,,,,6.4.3,Daily routine
prací prášek,A1,sousloví,,,,,6.4.3,Daily routine
pracovat,A1,slovo,verbum,,,imperfektivní,6.6.5,Work
pracovat jako,A1,vazba,,,,,6.6.1,Work
pracoviště,A1,slovo,substantivum,neutrum,singulár,,6.6.3,Work
pracovitý,A2,slovo,adjektivum,,,,6.1.15,"Personal details, family"
pracovní,A2,slovo,adjektivum,,,,6.6.5; 6.11.5,Work; Offices
pracovní agentura,A2,sousloví,,,,,6.11.5,Offices
pracovní doba,A1,sousloví,,,,,6.6.5,Work
pracovní pomůcky,A2,sousloví,,,,,6.6.5,Work
pracovní smlouva,A1,sousloví,,,,,6.6.5,Work
pračka,A1,slovo,substantivum,femininum,singulár,,6.2.5,Housing
prádelna,A1,slovo,substantivum,femininum,singulár,,6.8.8,Shopping and services
prádlo,A2,slovo,substantivum,neutrum,singulár,,6.8.2; 6.8.3,Shopping and services
praktická lékařka,A1,sousloví,,,,,6.7.6,Health care
praktický,A1,slovo,adjektivum,,,,4.7.4; 6.7.6,Evaluation; Health care
praktický lékař,A1,sousloví,,,,,6.7.6,Health care
prarodič,A2,slovo,substantivum,maskulinum,singulár,,6.1.13,"Personal details, family"
prášek,A2,slovo,substantivum,maskulinum,singulár,,6.4.3,Daily routine
prášky,A2,slovo,substantivum,maskulinum,plurál,,6.8.6,Shopping and services
prát,A1,slovo,verbum,,,imperfektivní,4.6.3; 6.4.3; 6.8.9,Qualities; Daily routine; Shopping and services
pravda,A1,slovo,substantivum,femininum,singulár,,5.2.1,Attitudes to information
právě,A2,slovo,adverbium,,,,4.5.3,Time
pravidelně,A2,slovo,adverbium,,,,4.5.13,Time
právnická osoba,A2,sousloví,,,,,6.6.8,Work
právnický,A2,slovo,adjektivum,,,,6.6.8,Work
právnička,A1,slovo,substantivum,femininum,singulár,,6.6.1,Work
právník,A1,slovo,substantivum,maskulinum,singulár,,6.6.1,Work
právo,A1,slovo,substantivum,neutrum,singulár,,6.10.7,Education
pravoslavný,A2,slovo,adjektivum,,,,6.1.11,"Personal details, family"
pravý,A2,slovo,adjektivum,,,,4.4.2; 6.1.12,"Space; Personal details, family"
praxe,A1,slovo,substantivum,femininum,singulár,,6.6.7,Work
prázdniny,A1,slovo,substantivum,femininum,,,6.5.1,Free time
prázdný,A1,slovo,adjektivum,,,,4.2.3,Quantity
preventivní,A2,slovo,adjektivum,,,,6.7.10; 6.7.11,Health care
prezident,A1,slovo,substantivum,maskulinum,singulár,,6.14.3,Contact with Czech society
prezidentka,A1,slovo,substantivum,femininum,singulár,,6.14.3,Contact with Czech society
primátor,A2,slovo,substantivum,maskulinum,singulár,,6.11.1,Offices
primátorka,A2,slovo,substantivum,femininum,singulár,,6.11.1,Offices
pro,A2,slovo,prepozice,,,,6.11.5,Offices
problém,A1,slovo,substantivum,maskulinum,singulár,,4.7.5; 5.3.32,Evaluation; Emotions
probudit se,A2,slovo,verbum,,,perfektivní,6.4.1,Daily routine
procento,A1,slovo,substantivum,neutrum,singulár,,4.2.3,Quantity
proč,A2,slovo,adverbium,,,,5.1.8,Giving information
proč ne,A1,fráze,,,,,5.4.9,Influencing others
prodat,A1,slovo,verbum,,,perfektivní,6.2.2; 6.8.4,Housing; Shopping and services
prodavač,A1,slovo,substantivum,maskulinum,singulár,,6.6.1; 6.8.9,Work; Shopping and services
prodavačka,A1,slovo,substantivum,femininum,singulár,,6.6.1; 6.8.9,Work; Shopping and services
prodávat,A1,slovo,verbum,,,imperfektivní,6.2.2; 6.8.4,Housing; Shopping and services
prodejný,A2,slovo,adjektivum,,,,6.8.6,Shopping and services
profese,A2,slovo,substantivum,femininum,singulár,,6.6.1,Work
profesor,A1,slovo,substantivum,maskulinum,singulár,,6.10.4,Education
profesorka,A1,slovo,substantivum,femininum,singulár,,6.10.4,Education
program,A1,slovo,substantivum,maskulinum,singulár,,6.5.3,Free time
program,A2,slovo,substantivum,maskulinum,singulár,,6.5.5,Free time
prohlédnout,A1,slovo,verbum,,,perfektivní,6.7.4,Health care
prohlédnout si,A2,slovo,verbum,,,perfektivní,6.9.12,Travel
prohlídka,A1,slovo,substantivum,femininum,singulár,,6.7.10; 6.7.11,Health care
prohlídka,A2,slovo,substantivum,femininum,singulár,,6.9.2,Travel
prohlížeč,A2,slovo,substantivum,maskulinum,singulár,,6.5.5,Free time
prohlížet si,A2,slovo,verbum,,,imperfektivní,6.9.12,Travel
prohrát,A2,slovo,verbum,,,perfektivní,6.5.8,Free time
prohrávat,A2,slovo,verbum,,,imperfektivní,6.5.8,Free time
procházet se,A1,slovo,verbum,,,imperfektivní,6.5.2,Free time
procházka,A1,slovo,substantivum,femininum,singulár,,6.5.2,Free time
projektor,A2,slovo,substantivum,maskulinum,singulár,,6.10.3,Education
projet,A2,slovo,verbum,,,perfektivní,4.4.15; 6.9.4,Space; Travel
projít,A2,slovo,verbum,,,perfektivní,6.9.12,Travel
projít se,A2,slovo,verbum,,,perfektivní,6.5.2,Free time
projíždět,A2,slovo,verbum,,,imperfektivní,4.4.15; 6.9.4,Space; Travel
"promiň, co jsi říkal/a?",A1,fráze,,,,,5.7.1,Communication strategies
"promiň, nemůžeš to zopakovat",A1,fráze,,,,,5.7.3,Communication strategies
"promiň/te, nemůžu",A1,fráze,,,,,5.4.7,Influencing others
"promiň/te, nerozumím",A1,fráze,,,,,5.7.1,Communication strategies
prominout,A1,slovo,verbum,,,perfektivní,5.4.7; 5.5.1; 5.5.11; 5.6.14,Influencing others; Social rituals; Discourse
promiňte,A1,fráze,,,,,5.6.15; 5.7.1; 5.7.3; 5.5.11; 5.6.14,Discourse; Communication strategies; Social rituals
"promiňte, co jste říkal/a?",A1,fráze,,,,,5.7.1,Communication strategies
"promiňte, nemůžete to zopakovat",A1,fráze,,,,,5.7.3,Communication strategies
pronájem,A1,slovo,substantivum,maskulinum,singulár,,6.2.2,Housing
pronajímat,A2,slovo,verbum,,,imperfektivní,6.2.2,Housing
pronajímat si,A1,slovo,verbum,,,imperfektivní,6.2.2,Housing
pronajmout,A2,slovo,verbum,,,perfektivní,6.2.2,Housing
pronajmout si,A1,slovo,verbum,,,perfektivní,6.2.2,Housing
propiska,A1,slovo,substantivum,femininum,singulár,,6.10.3,Education
prosím,A1,fráze,,,,,5.4.4; 5.4.5; 5.4.6; 5.4.16,Influencing others
prosím tě/vás,A1,fráze,,,,,5.5.2; 5.5.11; 5.6.6; 5.7.1; 5.4.5,Social rituals; Discourse; Communication strategies; Influencing others
prosinec,A1,slovo,substantivum,maskulinum,singulár,,4.5.1,Time
prosit,A1,slovo,verbum,,,imperfektivní,5.4.4; 5.4.5; 5.4.6; 5.4.16; 5.5.2; 5.5.4; 5.5.11; 5.6.6,Influencing others; Social rituals; Discourse
prostor,A2,slovo,substantivum,maskulinum,singulár,,5.6.10; 5.6.11; 5.7.1; 5.7.4; 6.14.3,Discourse; Communication strategies; Contact with Czech society
prostředek,A2,slovo,substantivum,maskulinum,singulár,,6.4.3; 6.9.1,Daily routine; Travel
prostřední,A2,slovo,adjektivum,,,,4.4.2,Space
proti,A2,slovo,prepozice,,,,6.8.6,Shopping and services
protože,A1,slovo,konjunkce,,,,4.8.5; 5.1.9,Logical relations; Giving information
provedení,A2,slovo,substantivum,neutrum,singulár,,6.6.5,Work
prst,A1,slovo,substantivum,maskulinum,singulár,,6.7.1,Health care
pršet,A1,slovo,verbum,,,imperfektivní,6.13.3,Environment and weather
průjem,A1,slovo,substantivum,maskulinum,singulár,,6.7.2,Health care
průkaz,A1,slovo,substantivum,maskulinum,singulár,,6.7.11; 6.9.2; 6.11.6,Health care; Travel; Offices
průkaz diabetika,A2,sousloví,,,,,6.7.11,Health care
průměrný,A2,slovo,adjektivum,,,,4.7.1; 6.6.6,Evaluation; Work
průvodce,A1,slovo,substantivum,maskulinum,singulár,,6.9.12,Travel
průvodčí,A1,slovo,substantivum,,singulár,,6.9.10,Travel
průvodkyně,A1,slovo,substantivum,femininum,singulár,,6.9.12,Travel
první,A1,slovo,,,,,4.2.4,Quantity
první stupeň,A2,sousloví,,,,,6.10.1,Education
prý,A2,slovo,partikule,,,,5.2.21,Attitudes to information
pryč,A1,slovo,adverbium,,,,4.4.19,Space
přál bych si + akuzativ/infinitiv,A1,vazba,,,,,5.2.38,Attitudes to information
přát,A2,slovo,verbum,,,imperfektivní,5.5.25,Social rituals
přát si,A1,slovo,verbum,,,imperfektivní,5.2.37; 5.2.38; 6.8.4,Attitudes to information; Shopping and services
přečíst,A2,slovo,verbum,,,perfektivní,6.5.2; 6.5.14; 6.10.5,Free time; Education
předat,A2,slovo,verbum,,,perfektivní,6.14.1; 5.6.15,Contact with Czech society; Discourse
předčasný,A2,slovo,adjektivum,,,,6.11.4,Offices
předepsat,A2,slovo,verbum,,,perfektivní,6.7.4,Health care
předevčírem,A1,slovo,adverbium,,,,4.5.2; 5.7.1,Time; Communication strategies
předchozí,A2,slovo,adjektivum,,,,6.1.1,"Personal details, family"
předchozí příjmení,A2,sousloví,,,,,6.1.1,"Personal details, family"
předjet,A2,slovo,verbum,,,perfektivní,4.4.12,Space
předjíždět,A2,slovo,verbum,,,imperfektivní,4.4.12,Space
předkrm,A2,slovo,substantivum,maskulinum,singulár,,6.3.5,Food
předložit,A1,slovo,verbum,,,perfektivní,6.11.7,Offices
předmět,A2,slovo,substantivum,maskulinum,singulár,,6.10.7,Education
přednáška,A2,slovo,substantivum,femininum,singulár,,6.10.6,Education
přední,A2,slovo,adjektivum,,,,4.4.2,Space
předplatné,A2,slovo,substantivum,neutrum,singulár,,6.5.13,Free time
předposlední,A2,slovo,,,,,4.2.4,Quantity
předpověď,A1,slovo,substantivum,femininum,singulár,,6.5.3; 6.13.3,Free time; Environment and weather
předpověď počasí,A1,sousloví,,,,,6.5.3; 6.13.3,Free time; Environment and weather
předprodej,A2,slovo,substantivum,maskulinum,singulár,,6.5.13,Free time
předsíň,A2,slovo,substantivum,femininum,singulár,,6.2.3,Housing
představení,A2,slovo,substantivum,neutrum,singulár,,6.5.11,Free time
představit,A1,slovo,verbum,,,perfektivní,5.5.19,Social rituals
předtím,A2,slovo,adverbium,,,,4.5.5,Time
předvolba,A2,slovo,substantivum,femininum,singulár,,6.1.4,"Personal details, family"
přehled,A2,slovo,substantivum,maskulinum,singulár,,6.11.4,Offices
přecházet,A2,slovo,verbum,,,imperfektivní,4.4.15,Space
přechod,A2,slovo,substantivum,maskulinum,singulár,,4.4.15,Space
přechodný,A1,slovo,adjektivum,,,,6.1.3,"Personal details, family"
přejet,A2,slovo,verbum,,,perfektivní,6.9.4,Travel
přejezd,A2,slovo,substantivum,maskulinum,singulár,,6.9.4,Travel
přejít,A2,slovo,verbum,,,perfektivní,4.4.15,Space
přejíždět,A2,slovo,verbum,,,imperfektivní,6.9.4,Travel
přeju všechno nejlepší,A2,fráze,,,,,5.5.20,Social rituals
překlad,A2,slovo,substantivum,maskulinum,singulár,,6.11.6,Offices
překládat,A1,slovo,verbum,,,imperfektivní,6.14.1,Contact with Czech society
překladatel,A2,slovo,substantivum,maskulinum,singulár,,6.14.1,Contact with Czech society
překladatelka,A2,slovo,substantivum,femininum,singulár,,6.14.1,Contact with Czech society
přeložit,A1,slovo,verbum,,,perfektivní,6.14.1,Contact with Czech society
přepadení,A2,slovo,substantivum,neutrum,singulár,,6.12.1,Police and emergencies
přepážka,A2,slovo,substantivum,femininum,singulár,,6.8.11,Shopping and services
přeplatek,A2,slovo,substantivum,maskulinum,singulár,,6.2.6,Housing
přepočítat,A2,slovo,verbum,,,perfektivní,6.8.7,Shopping and services
přepojím vás na,A2,fráze,,,,,5.6.15,Discourse
přepojit,A2,slovo,verbum,,,perfektivní,5.6.11; 5.6.15,Discourse
přesčas,A2,slovo,substantivum,maskulinum,singulár,,6.6.5,Work
přesně,A1,slovo,adverbium,,,,4.2.6; 5.2.1,Quantity; Attitudes to information
přesně tak,A2,fráze,,,,,5.2.1,Attitudes to information
přesnídávka,A2,slovo,substantivum,femininum,singulár,,6.3.4,Food
přestat,A2,slovo,verbum,,,perfektivní,4.5.10,Time
přestávat,A2,slovo,verbum,,,imperfektivní,4.5.10,Time
přestávka,A1,slovo,substantivum,femininum,singulár,,4.5.10; 6.10.6,Time; Education
přestěhovat se,A2,slovo,verbum,,,perfektivní,6.1.3,"Personal details, family"
přestoupit,A1,slovo,verbum,,,perfektivní,6.9.8,Travel
přestupek,A2,slovo,substantivum,maskulinum,singulár,,6.11.1,Offices
přestupní,A2,slovo,adjektivum,,,,6.9.8,Travel
přestupovat,A1,slovo,verbum,,,imperfektivní,6.9.8,Travel
převod,A2,slovo,substantivum,maskulinum,singulár,,6.8.7; 6.8.12,Shopping and services
příbor,A1,slovo,substantivum,maskulinum,singulár,,6.3.16,Food
příbuzná,A2,slovo,substantivum,femininum,singulár,,6.1.13,"Personal details, family"
příbuzný,A2,slovo,substantivum,maskulinum,singulár,,6.1.13,"Personal details, family"
přidat,A2,slovo,verbum,,,perfektivní,4.2.3; 6.3.15,Quantity; Food
přídavek,A2,slovo,substantivum,maskulinum,singulár,,6.11.5,Offices
přídavek na dítě,A2,sousloví,,,,,6.11.5,Offices
přihlásit se,A1,slovo,verbum,,,perfektivní,6.10.1,Education
přihláška,A1,slovo,substantivum,femininum,singulár,,6.10.1,Education
přicházet,A1,slovo,verbum,,,imperfektivní,4.4.8,Space
příchod,A2,slovo,substantivum,maskulinum,singulár,,4.4.8,Space
příjem,A2,slovo,substantivum,maskulinum,singulár,,6.11.3,Offices
příjemnou zábavu,A1,fráze,,,,,5.5.33,Social rituals
příjemný,A1,slovo,adjektivum,,,,5.5.33,Social rituals
přijet,A1,slovo,verbum,,,perfektivní,4.4.8; 6.9.10,Space; Travel
příjezd,A1,slovo,substantivum,maskulinum,singulár,,4.4.8,Space
přijímací,A2,slovo,adjektivum,,,,6.10.8,Education
přijít,A1,slovo,verbum,,,perfektivní,4.4.8,Space
přijíždět,A1,slovo,verbum,,,imperfektivní,4.4.8; 6.9.10,Space; Travel
příjmení,A1,slovo,substantivum,neutrum,singulár,,6.1.1,"Personal details, family"
příklad,A1,slovo,substantivum,maskulinum,singulár,,6.10.5,Education
přílet,A2,slovo,substantivum,maskulinum,singulár,,4.4.8,Space
přiletět,A2,slovo,verbum,,,perfektivní,4.4.8; 6.9.11,Space; Travel
příliš,A2,slovo,adverbium,,,,4.2.8,Quantity
příloha,A1,slovo,substantivum,femininum,singulár,,6.3.5,Food
přinést,A2,slovo,verbum,,,perfektivní,4.4.9; 6.3.3,Space; Food
případ,A2,slovo,substantivum,maskulinum,singulár,,5.2.5,Attitudes to information
příplatek,A2,slovo,substantivum,maskulinum,singulár,,6.6.6,Work
připojení,A2,slovo,substantivum,neutrum,singulár,,6.2.5,Housing
připojení k internetu,A2,sousloví,,,,,6.2.5,Housing
připravit,A2,slovo,verbum,,,perfektivní,6.3.15,Food
připravovat,A1,slovo,verbum,,,imperfektivní,6.3.15,Food
příroda,A1,slovo,substantivum,femininum,singulár,,6.13.1,Environment and weather
příruční,A2,slovo,adjektivum,,,,6.9.11,Travel
příslušnost,A2,slovo,substantivum,femininum,singulár,,6.1.9,"Personal details, family"
přísný,A2,slovo,adjektivum,,,,6.10.4,Education
příspěvek,A2,slovo,substantivum,maskulinum,singulár,,6.2.6; 6.11.5,Housing; Offices
příspěvek na bydlení,A2,sousloví,,,,,6.2.6; 6.11.5,Housing; Offices
příště,A2,slovo,adverbium,,,,4.5.4,Time
příští,A1,slovo,adjektivum,,,,4.5.4,Time
přítel,A1,slovo,substantivum,maskulinum,singulár,,6.1.8; 6.14.2,"Personal details, family; Contact with Czech society"
přítelkyně,A1,slovo,substantivum,femininum,singulár,,6.1.8; 6.14.2,"Personal details, family; Contact with Czech society"
přivést,A2,slovo,verbum,,,perfektivní,4.4.9,Space
přivézt,A2,slovo,verbum,,,perfektivní,4.4.9,Space
přízemí,A1,slovo,substantivum,neutrum,singulár,,6.2.1,Housing
přiznání,A2,slovo,substantivum,neutrum,singulár,,6.11.3,Offices
psát,A1,slovo,verbum,,,imperfektivní,5.7.8; 6.10.5; 6.14.1,Communication strategies; Education; Contact with Czech society
PSČ,A1,sousloví,,,,,6.1.3,"Personal details, family"
psychiatr,A2,slovo,substantivum,maskulinum,singulár,,6.7.6,Health care
psychiatrička,A2,slovo,substantivum,femininum,singulár,,6.7.6,Health care
ptát se,A2,slovo,verbum,,,imperfektivní,5.1.7; 5.1.11; 6.10.5,Giving information; Education
"ptát se, jestli",A2,vazba,,,,,5.1.7; 5.1.11; 6.10.5,Giving information; Education
půjčit,A1,slovo,verbum,,,perfektivní,6.5.14; 6.8.9; 6.8.12; 6.9.5,Free time; Shopping and services; Travel
půjčit si,A1,slovo,verbum,,,perfektivní,6.9.5,Travel
půjčka,A2,slovo,substantivum,femininum,singulár,,6.8.12,Shopping and services
půjčovat,A2,slovo,verbum,,,imperfektivní,6.5.14; 6.8.9; 6.9.5,Free time; Shopping and services; Travel
půjčovat si,A2,slovo,verbum,,,imperfektivní,6.9.5,Travel
půjčovna,A2,slovo,substantivum,femininum,singulár,,6.8.8; 6.9.5,Shopping and services; Travel
půjčovna aut,A2,sousloví,,,,,6.9.5,Travel
půjčovna oblečení,A2,sousloví,,,,,6.8.8,Shopping and services
půl,A2,slovo,,,,,4.2.3; 4.5.1; 6.6.5,Quantity; Time; Work
půl úvazku,A2,sousloví,,,,,6.6.5,Work
půlka,A2,slovo,substantivum,femininum,singulár,,4.2.3,Quantity
půlnoc,A1,slovo,substantivum,femininum,singulár,,4.5.1,Time
pumpa,A1,slovo,substantivum,femininum,singulár,,6.9.5,Travel
punčocháče,A2,slovo,substantivum,maskulinum,,,6.8.3,Shopping and services
punčochy,A2,slovo,substantivum,femininum,plurál,,6.8.3,Shopping and services
pustit,A2,slovo,verbum,,,perfektivní,6.2.5,Housing
pustit si,A2,slovo,verbum,,,perfektivní,6.5.5,Free time
původ,A2,slovo,substantivum,maskulinum,singulár,,6.1.10,"Personal details, family"
pyžamo,A2,slovo,substantivum,neutrum,singulár,,6.8.3,Shopping and services
rád,A1,slovo,adjektivum,,,,5.3.1; 5.3.2; 5.3.4; 5.3.5; 5.3.7; 5.3.8; 5.3.9; 5.5.6,Emotions; Social rituals
rád + sloveso,A1,vazba,,,,,5.5.9; 5.3.5,Social rituals; Emotions
rád bych se vám představil,A1,fráze,,,,,5.5.19,Social rituals
rád vás poznávám,A2,fráze,,,,,5.5.21,Social rituals
raději,A2,slovo,adjektivum,,,,5.4.15,Influencing others
raději … než,A2,vazba,,,,,5.3.12,Emotions
rádio,A1,slovo,substantivum,neutrum,singulár,,6.2.5; 6.5.2; 6.5.4,Housing; Free time
radost,A1,slovo,substantivum,femininum,singulár,,5.3.18,Emotions
radost z,A1,vazba,,,,,5.3.18,Emotions
rajče,A1,slovo,substantivum,neutrum,singulár,,6.3.10,Food
raketa,A2,slovo,substantivum,femininum,singulár,,6.5.9,Free time
rakovina,A2,slovo,substantivum,femininum,singulár,,6.7.5,Health care
rána,A2,slovo,substantivum,femininum,singulár,,6.7.3,Health care
ranní,A2,slovo,adjektivum,,,,4.5.1,Time
ráno,A1,slovo,,,,,4.5.1; 5.5.14,Time; Social rituals
realitní,A2,slovo,adjektivum,,,,6.8.8; 6.8.10,Shopping and services
realitní kancelář,A1,sousloví,,,,,6.8.8,Shopping and services
realitní makléř,A2,sousloví,,,,,6.8.10,Shopping and services
recept,A2,slovo,substantivum,maskulinum,singulár,,6.3.15; 6.7.4,Food; Health care
recept,A1,slovo,substantivum,maskulinum,singulár,,6.8.6,Shopping and services
registr,A2,slovo,substantivum,maskulinum,singulár,,6.11.1,Offices
registr řidičů,A2,sousloví,,,,,6.11.1,Offices
registr vozidel,A2,sousloví,,,,,6.11.1,Offices
rehabilitace,A2,slovo,substantivum,femininum,singulár,,6.7.7,Health care
rejstřík,A2,slovo,substantivum,maskulinum,singulár,,6.11.2; 6.11.7,Offices
reklama,A2,slovo,substantivum,femininum,singulár,,6.5.3,Free time
reklamovat,A2,slovo,verbum,,,imperfektivní,6.8.4,Shopping and services
rentgen,A1,slovo,substantivum,maskulinum,singulár,,6.7.4; 6.7.8,Health care
republika,A1,slovo,substantivum,femininum,singulár,,6.14.4,Contact with Czech society
restaurace,A1,slovo,substantivum,femininum,singulár,,6.3.2,Food
revizor,A2,slovo,substantivum,maskulinum,singulár,,6.9.8,Travel
revizorka,A2,slovo,substantivum,femininum,singulár,,6.9.8,Travel
rezavý,A1,slovo,adjektivum,,,,6.1.14,"Personal details, family"
rezervovat,A1,slovo,verbum,,,imperfektivní,6.9.9,Travel
rezervovat si,A1,slovo,verbum,,,imperfektivní,6.5.13,Free time
režisér,A1,slovo,substantivum,maskulinum,singulár,,6.5.12,Free time
režisérka,A1,slovo,substantivum,femininum,singulár,,6.5.12,Free time
rock,A1,slovo,substantivum,maskulinum,singulár,,6.5.15,Free time
rockový,A2,slovo,adjektivum,,,,6.5.15,Free time
roční,A2,slovo,adjektivum,,,,4.5.1,Time
ročník,A1,slovo,substantivum,maskulinum,singulár,,6.10.1,Education
rodič,A1,slovo,substantivum,maskulinum,singulár,,6.10.4,Education
rodiče,A1,slovo,substantivum,maskulinum,plurál,,6.10.4,Education
rodičovská dovolená,A2,sousloví,,,,,6.6.2,Work
rodičovský,A2,slovo,adjektivum,,,,6.6.2; 6.11.5,Work; Offices
rodičovský příspěvek,A2,sousloví,,,,,6.11.5,Offices
rodina,A1,slovo,substantivum,femininum,singulár,,6.1.13,"Personal details, family"
rodit,A2,slovo,verbum,,,imperfektivní,6.7.9,Health care
rodné číslo,A1,sousloví,,,,,6.1.12,"Personal details, family"
rodné příjmení,A2,sousloví,,,,,6.1.1,"Personal details, family"
rodný,A2,slovo,adjektivum,,,,6.1.1; 6.1.12,"Personal details, family"
rohlík,A1,slovo,substantivum,maskulinum,singulár,,6.3.11,Food
rok,A1,slovo,substantivum,maskulinum,singulár,,4.5.1; 6.1.6,"Time; Personal details, family"
román,A2,slovo,substantivum,maskulinum,singulár,,6.5.14,Free time
rostlina,A2,slovo,substantivum,femininum,singulár,,6.13.2,Environment and weather
rovina,A2,slovo,substantivum,femininum,singulár,,6.13.1,Environment and weather
rovně,A1,slovo,adverbium,,,,4.4.21,Space
rovný,A2,slovo,adjektivum,,,,4.6.1,Qualities
rovný,A1,slovo,adjektivum,,,,6.1.14,"Personal details, family"
rozbitý,A1,slovo,adjektivum,,,,4.6.11; 6.2.5,Qualities; Housing
rozdíl,A2,slovo,substantivum,maskulinum,singulár,,4.8.8,Logical relations
rozhlas,A1,slovo,substantivum,maskulinum,singulár,,6.2.6; 6.5.2; 6.5.4,Housing; Free time
rozhlasový,A2,slovo,adjektivum,,,,6.5.4,Free time
rozhodně,A2,slovo,adverbium,,,,5.2.17,Attitudes to information
rozloha,A2,slovo,substantivum,femininum,singulár,,4.3.7,Size and measures
rozloučení,A2,slovo,substantivum,neutrum,singulár,,5.6.19,Discourse
rozměr,A2,slovo,substantivum,maskulinum,singulár,,4.3.3,Size and measures
rozsudek,A2,slovo,substantivum,maskulinum,singulár,,6.11.8,Offices
rozsvítit,A2,slovo,verbum,,,perfektivní,6.2.5,Housing
rozumět,A1,slovo,verbum,,,imperfektivní,5.7.1; 5.7.2; 6.14.1,Communication strategies; Contact with Czech society
rozvádět se,A2,slovo,verbum,,,imperfektivní,6.1.8,"Personal details, family"
rozvedená,A1,slovo,adjektivum,,,,6.1.8,"Personal details, family"
rozvedený,A1,slovo,adjektivum,,,,6.1.8,"Personal details, family"
rozvést se,A2,slovo,verbum,,,perfektivní,6.1.8,"Personal details, family"
rozvod,A2,slovo,substantivum,maskulinum,singulár,,6.1.8,"Personal details, family"
rozvrh,A2,slovo,substantivum,maskulinum,singulár,,6.10.6,Education
rozvrh hodin,A2,sousloví,,,,,6.10.6,Education
ručení,A2,slovo,substantivum,neutrum,singulár,,6.6.8,Work
ručení omezené,A2,sousloví,,,,,6.6.8,Work
ručník,A1,slovo,substantivum,maskulinum,singulár,,6.4.2,Daily routine
ruka,A1,slovo,substantivum,femininum,singulár,,6.7.1,Health care
rukavice,A1,slovo,substantivum,femininum,singulár,,6.6.5; 6.8.3,Work; Shopping and services
rum,A2,slovo,substantivum,maskulinum,singulár,,6.3.14,Food
Rus,A1,slovo,substantivum,maskulinum,singulár,,6.1.9,"Personal details, family"
Ruska,A1,slovo,substantivum,femininum,singulár,,6.1.9,"Personal details, family"
růst,A2,slovo,verbum,,,imperfektivní,4.4.4,Space
rušno,A1,slovo,adverbium,,,,4.6.5,Qualities
různý,A1,slovo,adjektivum,,,,4.8.8,Logical relations
růže,A2,slovo,substantivum,femininum,singulár,,6.13.2,Environment and weather
růžový,A1,slovo,adjektivum,,,,4.6.8,Qualities
ryba,A1,slovo,substantivum,femininum,singulár,,6.3.7,Food
rybník,A1,slovo,substantivum,maskulinum,singulár,,6.13.1,Environment and weather
rychle,A1,slovo,adverbium,,,,4.3.5,Size and measures
rychlé občerstvení,A2,sousloví,,,,,6.3.2,Food
rychlík,A1,slovo,substantivum,maskulinum,singulár,,6.9.1,Travel
rychlost,A2,slovo,substantivum,maskulinum,singulár,,4.3.5,Size and measures
rychlovarná konvice,A2,sousloví,,,,,6.2.5,Housing
rychlý,A1,slovo,adjektivum,,,,4.3.5; 6.3.2,Size and measures; Food
rýma,A1,slovo,substantivum,femininum,singulár,,6.7.2,Health care
rýže,A1,slovo,substantivum,femininum,singulár,,6.3.8,Food
řád,A1,slovo,substantivum,maskulinum,singulár,,6.9.9; 6.9.11,Travel
řada,A1,slovo,substantivum,femininum,singulár,,6.5.13,Free time
ředitel,A1,slovo,substantivum,maskulinum,singulár,,6.6.4; 6.10.4,Work; Education
ředitelka,A1,slovo,substantivum,femininum,singulár,,6.6.4; 6.10.4,Work; Education
řeka,A1,slovo,substantivum,femininum,singulár,,6.13.1,Environment and weather
řemeslník,A1,slovo,substantivum,maskulinum,singulár,,6.6.1,Work
řeznictví,A1,slovo,substantivum,neutrum,singulár,,6.8.1,Shopping and services
řezník,A2,slovo,substantivum,maskulinum,singulár,,6.8.10,Shopping and services
říct,A1,slovo,verbum,,,perfektivní,5.7.1; 5.7.3; 5.7.9,Communication strategies
řidič,A1,slovo,substantivum,maskulinum,singulár,,6.6.1; 6.9.9; 6.11.1,Work; Travel; Offices
řidička,A1,slovo,substantivum,femininum,singulár,,6.6.1; 6.9.9,Work; Travel
řidičský,A1,slovo,adjektivum,,,,6.9.2,Travel
řidičský průkaz,A1,sousloví,,,,,6.9.2,Travel
řídit,A1,slovo,verbum,,,imperfektivní,6.9.2,Travel
říjen,A1,slovo,substantivum,maskulinum,singulár,,4.5.1,Time
"říkají, že",A2,fráze,,,,,5.2.21,Attitudes to information
říkat,A1,slovo,verbum,,,imperfektivní,5.2.2; 5.2.21; 5.7.1,Attitudes to information; Communication strategies
řízek,A1,slovo,substantivum,maskulinum,singulár,,6.3.6,Food
říznout se,A2,slovo,verbum,,,perfektivní,6.7.3,Health care
s,A2,slovo,prepozice,,,,5.2.1; 5.2.7; 5.6.3; 6.1.8,"Attitudes to information; Discourse; Personal details, family"
s pozdravem,A1,fráze,,,,,6.3.3; 6.8.1; 6.8.3; 5.6.3,Food; Shopping and services; Discourse
s sebou,A2,slovo,pronomen,,,,6.3.3,Food
s. r. o.,A1,sousloví,,,,,6.6.8,Work
sádra,A2,slovo,substantivum,femininum,singulár,,6.7.3,Health care
sako,A1,slovo,substantivum,neutrum,singulár,,6.8.3,Shopping and services
sál,A2,slovo,substantivum,maskulinum,singulár,,6.5.10,Free time
salám,A1,slovo,substantivum,maskulinum,singulár,,6.3.7,Food
salát,A1,slovo,substantivum,maskulinum,singulár,,6.3.5,Food
salát,A1,slovo,substantivum,maskulinum,singulár,,6.3.10,Food
samostatný,A2,slovo,adjektivum,,,,6.2.2,Housing
samozřejmě,A1,slovo,adverbium,,,,5.2.1; 5.4.6; 5.4.17,Attitudes to information; Influencing others
sbírat,A2,slovo,verbum,,,imperfektivní,6.5.6,Free time
sci-fi,A2,slovo,substantivum,femininum,singulár,,6.5.14,Free time
sci-fi literatura,A2,sousloví,,,,,6.5.14,Free time
sedadlo,A1,slovo,substantivum,neutrum,singulár,,6.5.13; 6.9.9,Free time; Travel
sedat si,A2,slovo,verbum,,,imperfektivní,4.4.6,Space
sedět,A1,slovo,verbum,,,imperfektivní,4.4.1,Space
sedět,A2,slovo,verbum,,,imperfektivní,6.8.5,Shopping and services
sednout si,A2,slovo,verbum,,,perfektivní,4.4.6,Space
sejít,A2,slovo,verbum,,,perfektivní,4.4.11,Space
sejít se,A1,slovo,verbum,,,perfektivní,6.14.2,Contact with Czech society
sekretářka,A1,slovo,substantivum,femininum,singulár,,6.6.1,Work
sekunda,A2,slovo,substantivum,femininum,singulár,,4.5.1,Time
sem,A1,slovo,adverbium,,,,4.4.19,Space
semafor,A2,slovo,substantivum,maskulinum,singulár,,6.9.4,Travel
seminář,A2,slovo,substantivum,maskulinum,singulár,,6.10.6,Education
senát,A2,slovo,substantivum,maskulinum,singulár,,6.14.3,Contact with Czech society
senátor,A2,slovo,substantivum,maskulinum,singulár,,6.14.3,Contact with Czech society
senátorka,A2,slovo,substantivum,femininum,singulár,,6.14.3,Contact with Czech society
senior,A2,slovo,substantivum,maskulinum,singulár,,6.1.6,"Personal details, family"
seniorka,A2,slovo,substantivum,femininum,singulár,,6.1.6,"Personal details, family"
seriál,A1,slovo,substantivum,maskulinum,singulár,,6.5.3,Free time
servírka,A2,slovo,substantivum,femininum,singulár,,6.3.3; 6.6.1,Food; Work
sestra,A1,slovo,substantivum,femininum,singulár,,6.1.13,"Personal details, family"
sestřenice,A2,slovo,substantivum,femininum,singulár,,6.1.13,"Personal details, family"
sestřička,A1,slovo,substantivum,femininum,singulár,,6.7.6,Health care
sešit,A1,slovo,substantivum,maskulinum,singulár,,6.10.3,Education
sever,A1,slovo,substantivum,maskulinum,singulár,,4.4.3,Space
severní,A2,slovo,adjektivum,,,,4.4.3,Space
seznámit se,A2,slovo,verbum,,,perfektivní,7.1,
seznamovat se,A2,slovo,verbum,,,imperfektivní,7.1,
scházet se,A2,slovo,verbum,,,imperfektivní,6.14.2,Contact with Czech society
schengenský,A2,slovo,adjektivum,,,,6.14.3,Contact with Czech society
Schengenský prostor,A2,sousloví,,,,,6.14.3,Contact with Czech society
schod,A2,slovo,substantivum,maskulinum,singulár,,6.2.3,Housing
schodiště,A2,slovo,substantivum,neutrum,singulár,,6.2.3,Housing
schránka,A2,slovo,substantivum,femininum,singulár,,5.6.13; 6.8.11,Discourse; Shopping and services
schvalovat,A2,slovo,verbum,,,imperfektivní,5.4.1,Influencing others
silnice,A1,slovo,substantivum,femininum,singulár,,6.9.4,Travel
silniční,A2,slovo,adjektivum,,,,6.11.3,Offices
silný,A1,slovo,adjektivum,,,,4.6.10,Qualities
sjet,A2,slovo,verbum,,,perfektivní,4.4.11,Space
skleněný,A2,slovo,adjektivum,,,,4.6.9,Qualities
sklenice,A2,slovo,substantivum,femininum,singulár,,4.2.3; 4.3.8; 6.3.16,Quantity; Size and measures; Food
sklep,A2,slovo,substantivum,maskulinum,singulár,,6.2.3,Housing
sklo,A1,slovo,substantivum,neutrum,singulár,,4.6.9,Qualities
skončit,A2,slovo,verbum,,,perfektivní,4.5.10; 6.5.11,Time; Free time
skopové maso,A2,sousloví,,,,,6.3.7,Food
skopový,A2,slovo,adjektivum,,,,6.3.7,Food
skoro,A2,slovo,adverbium,,,,4.2.6,Quantity
skříň,A1,slovo,substantivum,femininum,singulár,,6.2.4,Housing
skupina,A2,slovo,substantivum,femininum,singulár,,6.5.12,Free time
skype,A2,slovo,substantivum,maskulinum,singulár,,6.1.4,"Personal details, family"
skypovat,A2,slovo,verbum,,,imperfektivní,6.5.5,Free time
slabý,A2,slovo,adjektivum,,,,4.6.10,Qualities
sladký,A1,slovo,adjektivum,,,,4.6.6; 6.3.5,Qualities; Food
slaný,A1,slovo,adjektivum,,,,4.6.6,Qualities
slečna,A1,slovo,substantivum,femininum,singulár,,5.5.13; 6.1.2,"Social rituals; Personal details, family"
slečno,A1,fráze,,,,,5.5.13; 6.1.2,"Social rituals; Personal details, family"
sleva,A1,slovo,substantivum,femininum,singulár,,6.8.4; 6.9.10,Shopping and services; Travel
slovník,A1,slovo,substantivum,maskulinum,singulár,,6.5.14; 6.10.3,Free time; Education
slovo,A1,slovo,substantivum,neutrum,singulár,,5.7.6; 5.7.7,Communication strategies
složenka,A2,slovo,substantivum,femininum,singulár,,6.8.11,Shopping and services
sluch,A2,slovo,substantivum,maskulinum,singulár,,4.6.5,Qualities
slunce,A1,slovo,substantivum,neutrum,singulár,,6.13.3,Environment and weather
slušet,A2,slovo,verbum,,,imperfektivní,6.8.5,Shopping and services
služby,A2,slovo,substantivum,femininum,plurál,,6.8.8,Shopping and services
slyšet,A1,slovo,verbum,,,imperfektivní,4.6.5; 5.6.16; 5.6.17,Qualities; Discourse
slyšet o,A2,vazba,,,,,5.6.18; 6.2.3; 5.2.8; 5.2.9,Discourse; Housing; Attitudes to information
smažený,A1,slovo,adjektivum,,,,6.3.6,Food
smažený sýr,A1,sousloví,,,,,6.3.6,Food
smažit,A2,slovo,verbum,,,imperfektivní,6.3.15,Food
směna,A1,slovo,substantivum,femininum,singulár,,6.6.5,Work
směnárna,A2,slovo,substantivum,femininum,singulár,,6.8.8,Shopping and services
směr,A2,slovo,substantivum,maskulinum,singulár,,4.4.3,Space
smět,A1,slovo,verbum,,,imperfektivní,5.2.28; 5.2.29; 5.2.31,Attitudes to information
smetana,A2,slovo,substantivum,femininum,singulár,,6.3.12,Food
smíchat,A2,slovo,verbum,,,perfektivní,6.3.15,Food
smlouva,A1,slovo,substantivum,femininum,singulár,,6.6.5,Work
smlouva na dobu neurčitou,A2,sousloví,,,,,6.6.5,Work
smlouva na dobu určitou,A2,sousloví,,,,,6.6.5,Work
smrt,A2,slovo,substantivum,femininum,singulár,,4.1.4,Existence
smutný,A1,slovo,adjektivum,,,,6.1.15,"Personal details, family"
snad,A2,slovo,adverbium,,,,5.2.19,Attitudes to information
snadno,A2,slovo,adverbium,,,,4.7.5,Evaluation
snadný,A2,slovo,adjektivum,,,,4.7.5,Evaluation
snacha,A2,slovo,substantivum,femininum,singulár,,6.1.13,"Personal details, family"
snášet,A2,slovo,verbum,,,imperfektivní,5.3.9,Emotions
sňatek,A2,slovo,substantivum,maskulinum,singulár,,6.1.8,"Personal details, family"
sněmovna,A2,slovo,substantivum,femininum,singulár,,6.14.3,Contact with Czech society
sněžit,A1,slovo,verbum,,,imperfektivní,6.13.3,Environment and weather
snídaně,A1,slovo,substantivum,femininum,singulár,,6.3.4,Food
snídat,A1,slovo,verbum,,,imperfektivní,6.3.4,Food
sníh,A1,slovo,substantivum,maskulinum,singulár,,6.13.3,Environment and weather
sníst,A2,slovo,verbum,,,perfektivní,6.3.1; 6.7.3,Food; Health care
sobota,A1,slovo,substantivum,femininum,singulár,,4.5.1,Time
sociální,A2,slovo,adjektivum,,,,6.8.14; 6.11.4,Shopping and services; Offices
sociální pojištění,A2,sousloví,,,,,6.8.14,Shopping and services
sochař,A2,slovo,substantivum,maskulinum,singulár,,6.5.12,Free time
sochařka,A2,slovo,substantivum,femininum,singulár,,6.5.12,Free time
solární,A2,slovo,adjektivum,,,,6.2.5,Housing
solární panel,A2,sousloví,,,,,6.2.5,Housing
součet,A1,slovo,substantivum,maskulinum,singulár,,4.2.2,Quantity
soud,A2,slovo,substantivum,maskulinum,singulár,,6.11.8,Offices
soudce,A2,slovo,substantivum,maskulinum,singulár,,6.6.1; 6.11.7,Work; Offices
soudkyně,A2,slovo,substantivum,femininum,singulár,,6.6.1; 6.11.7,Work; Offices
soudní,A1,slovo,adjektivum,,,,6.11.8,Offices
soudní tlumočnice,A1,sousloví,,,,,6.11.7,Offices
soudní tlumočník,A1,sousloví,,,,,6.11.7,Offices
souhlasit,A2,slovo,verbum,,,imperfektivní,5.2.1; 5.2.7,Attitudes to information
souhlasit s,A2,vazba,,,,,5.2.1; 5.2.7,Attitudes to information
soukromý,A2,slovo,adjektivum,,,,6.10.1,Education
sourozenec,A2,slovo,substantivum,maskulinum,singulár,,6.1.13,"Personal details, family"
soused,A1,slovo,substantivum,maskulinum,singulár,,6.2.2; 6.14.2,Housing; Contact with Czech society
sousedka,A1,slovo,substantivum,femininum,singulár,,6.2.2; 6.14.2,Housing; Contact with Czech society
sousední,A1,slovo,adjektivum,,,,6.14.4,Contact with Czech society
soustrast,A1,slovo,substantivum,femininum,singulár,,5.5.22,Social rituals
soutěž,A2,slovo,substantivum,femininum,singulár,,6.5.3; 6.5.8,Free time
soutěžit,A2,slovo,verbum,,,imperfektivní,6.5.8,Free time
spadnout,A1,slovo,verbum,,,perfektivní,4.4.11; 6.7.3,Space; Health care
spáchat,A2,slovo,verbum,,,perfektivní,6.12.1,Police and emergencies
spálit se,A2,slovo,verbum,,,perfektivní,6.7.3,Health care
spánek,A2,slovo,substantivum,maskulinum,singulár,,6.4.1,Daily routine
spát,A1,slovo,verbum,,,imperfektivní,6.4.1,Daily routine
specialista,A1,slovo,substantivum,maskulinum,singulár,,6.7.6,Health care
spěšný,A2,slovo,adjektivum,,,,6.9.1,Travel
spisovatel,A1,slovo,substantivum,maskulinum,singulár,,6.5.14,Free time
spisovatelka,A1,slovo,substantivum,femininum,singulár,,6.5.14,Free time
splátka,A2,slovo,substantivum,femininum,singulár,,6.8.7,Shopping and services
spočítat,A2,slovo,verbum,,,perfektivní,4.2.2,Quantity
spodní,A2,slovo,adjektivum,,,,6.8.3,Shopping and services
spodní prádlo,A2,sousloví,,,,,6.8.3,Shopping and services
spojení,A2,slovo,substantivum,neutrum,singulár,,6.9.9,Travel
spokojený,A2,slovo,adjektivum,,,,5.3.26,Emotions
spokojený s,A2,vazba,,,,,5.3.23; 5.3.24,Emotions
společně,A1,slovo,adverbium,,,,4.8.1,Logical relations
společnost,A2,slovo,substantivum,femininum,singulár,,6.6.8; 6.14.2,Work; Contact with Czech society
společnost s ručením omezeným,A2,sousloví,,,,,6.6.8,Work
spolu,A1,slovo,adverbium,,,,4.8.1,Logical relations
spolubydlící,A2,slovo,substantivum,,singulár,,6.2.2; 6.5.7; 6.5.9,Housing; Free time
sporák,A1,slovo,substantivum,maskulinum,singulár,,6.2.5,Housing
sport,A1,slovo,substantivum,maskulinum,singulár,,6.5.3,Free time
sportovat,A1,slovo,verbum,,,imperfektivní,6.5.6,Free time
sportovec,A1,slovo,substantivum,maskulinum,singulár,,6.5.7,Free time
sportovkyně,A1,slovo,substantivum,femininum,singulár,,6.5.7,Free time
sportovní,A2,slovo,adjektivum,,,,6.5.3; 6.8.1,Free time; Shopping and services
sportovní potřeby,A2,sousloví,,,,,6.8.1,Shopping and services
spotřebič,A1,slovo,substantivum,maskulinum,singulár,,6.2.5; 6.8.2,Housing; Shopping and services
spotřební,A2,slovo,adjektivum,,,,6.11.3,Offices
spousta,A2,slovo,substantivum,femininum,singulár,,4.2.3,Quantity
správně,A1,slovo,adverbium,,,,4.7.2,Evaluation
správný,A1,slovo,adjektivum,,,,4.7.2,Evaluation
sprcha,A1,slovo,substantivum,femininum,singulár,,6.2.4,Housing
sprchovat se,A1,slovo,verbum,,,imperfektivní,6.4.2,Daily routine
sprchový,A2,slovo,adjektivum,,,,6.2.4,Housing
sprchový kout,A2,sousloví,,,,,6.2.4,Housing
spropitné,A2,slovo,substantivum,neutrum,singulár,,6.3.3,Food
SPZ,A1,sousloví,,,,,6.9.3,Travel
srazit se,A2,slovo,verbum,,,perfektivní,6.9.7,Travel
srážka,A2,slovo,substantivum,femininum,singulár,,6.13.3,Environment and weather
srdce,A1,slovo,substantivum,neutrum,singulár,,6.7.1; 6.12.2,Health care; Police and emergencies
srdečně,A1,slovo,adverbium,,,,5.6.4,Discourse
srdečně Tě zdraví,A1,fráze,,,,,5.6.4,Discourse
srpen,A1,slovo,substantivum,maskulinum,singulár,,4.5.1,Time
stačit,A1,slovo,verbum,,,imperfektivní,4.2.3,Quantity
stadion,A1,slovo,substantivum,maskulinum,singulár,,6.5.9,Free time
stáhnout,A2,slovo,verbum,,,perfektivní,6.5.5,Free time
stahovat,A2,slovo,verbum,,,imperfektivní,6.5.5,Free time
stánek,A2,slovo,substantivum,maskulinum,singulár,,6.3.2; 6.8.1,Food; Shopping and services
stání,A2,slovo,substantivum,neutrum,singulár,,6.9.4,Travel
stanice,A1,slovo,substantivum,femininum,singulár,,6.5.4; 6.9.5; 6.9.8,Free time; Travel
stanice metra,A1,sousloví,,,,,6.9.8,Travel
stanoviště,A2,slovo,substantivum,neutrum,singulár,,6.9.8,Travel
stanoviště taxi,A2,sousloví,,,,,6.9.8,Travel
starobní,A2,slovo,adjektivum,,,,6.11.4,Offices
starost,A2,slovo,substantivum,femininum,singulár,,5.3.31,Emotions
starosta,A2,slovo,substantivum,maskulinum,singulár,,6.11.1,Offices
starostka,A2,slovo,substantivum,femininum,singulár,,6.11.1,Offices
starší,A1,slovo,adjektivum,,,,6.1.13,"Personal details, family"
starý,A1,slovo,adjektivum,,,,4.6.13; 6.1.14,"Qualities; Personal details, family"
stát,A1,slovo,substantivum,maskulinum,singulár,,6.1.3; 6.14.4,"Personal details, family; Contact with Czech society"
stát,A1,slovo,verbum,,,imperfektivní,4.4.1; 4.4.18; 6.9.4,Space; Travel
stát,A1,slovo,verbum,,,imperfektivní,4.6.12; 6.8.4,Qualities; Shopping and services
stát se,A2,slovo,verbum,,,perfektivní,4.1.3; 5.1.8; 5.5.2; 6.12.3,Existence; Giving information; Social rituals; Police and emergencies
státní,A2,slovo,adjektivum,,,,6.1.9; 6.10.8; 6.11.7,"Personal details, family; Education; Offices"
státní občanství,A2,sousloví,,,,,6.1.9,"Personal details, family"
státní příslušnost,A1,sousloví,,,,,6.1.9,"Personal details, family"
státní zastupitelství,A2,sousloví,,,,,6.11.7,Offices
stav,A2,slovo,substantivum,maskulinum,singulár,,6.9.6,Travel
stavba,A2,slovo,substantivum,femininum,singulár,,6.6.3,Work
stážista,A2,slovo,substantivum,maskulinum,singulár,,6.6.2,Work
stážistka,A2,slovo,substantivum,femininum,singulár,,6.6.2,Work
stejk,A2,slovo,substantivum,maskulinum,singulár,,6.3.6,Food
stejně,A2,slovo,adverbium,,,,4.8.8,Logical relations
stejně jako,A2,vazba,,,,,4.8.8,Logical relations
stejný,A1,slovo,adjektivum,,,,4.8.8,Logical relations
stejný jako,A1,vazba,,,,,4.8.8,Logical relations
stěna,A2,slovo,substantivum,femininum,singulár,,6.2.3,Housing
stisknout,A2,slovo,verbum,,,perfektivní,5.6.12,Discourse
sto,A1,slovo,,,,,4.2.1,Quantity
stočné,A2,slovo,substantivum,neutrum,singulár,,6.2.6,Housing
stolice,A1,slovo,substantivum,femininum,singulár,,6.7.2; 6.7.4,Health care
stoupat,A2,slovo,verbum,,,imperfektivní,4.3.9,Size and measures
stoupnout,A2,slovo,verbum,,,perfektivní,4.3.9,Size and measures
strach,A1,slovo,substantivum,maskulinum,singulár,,5.3.30; 5.3.31,Emotions
strana,A2,slovo,substantivum,femininum,singulár,,4.4.2,Space
strana,A2,slovo,substantivum,femininum,singulár,,6.14.3,Contact with Czech society
stránka,A2,slovo,substantivum,femininum,singulár,,6.1.4,"Personal details, family"
stravovat se,A2,slovo,verbum,,,imperfektivní,6.3.2,Food
strojek,A2,slovo,substantivum,maskulinum,singulár,,6.4.2,Daily routine
strom,A1,slovo,substantivum,maskulinum,singulár,,6.13.2,Environment and weather
strop,A2,slovo,substantivum,maskulinum,singulár,,6.2.3,Housing
strýc,A1,slovo,substantivum,maskulinum,singulár,,6.1.13,"Personal details, family"
střed,A2,slovo,substantivum,maskulinum,singulár,,4.4.2,Space
středa,A1,slovo,substantivum,femininum,singulár,,4.5.1,Time
středeční,A2,slovo,adjektivum,,,,4.5.1,Time
střední,A2,slovo,adjektivum,,,,6.1.14,"Personal details, family"
střední,A1,slovo,adjektivum,,,,6.10.9,Education
střední škola,A1,sousloví,,,,,6.10.1; 6.10.9,Education
stříbrný,A2,slovo,adjektivum,,,,4.6.9,Qualities
stříbro,A2,slovo,substantivum,neutrum,singulár,,4.6.9,Qualities
střih,A2,slovo,substantivum,maskulinum,singulár,,6.8.5,Shopping and services
stříhat,A2,slovo,verbum,,,imperfektivní,6.8.9,Shopping and services
student,A1,slovo,substantivum,maskulinum,singulár,,6.6.2; 6.10.4,Work; Education
studentka,A1,slovo,substantivum,femininum,singulár,,6.6.2; 6.10.4,Work; Education
studený,A1,slovo,adjektivum,,,,4.3.9; 6.3.14,Size and measures; Food
studio,A2,slovo,substantivum,neutrum,singulár,,6.8.8,Shopping and services
studovat,A1,slovo,verbum,,,imperfektivní,6.10.1,Education
studovna,A2,slovo,substantivum,femininum,singulár,,6.2.4; 6.10.2,Housing; Education
stůl,A1,slovo,substantivum,maskulinum,singulár,,6.2.4,Housing
stupeň,A2,slovo,substantivum,maskulinum,singulár,,4.3.9,Size and measures
stupeň Celsia,A2,sousloví,,,,,4.3.9,Size and measures
stý,A2,slovo,,,,,4.2.4,Quantity
sucho,A2,slovo,adverbium,,,,4.6.2,Qualities
suchý,A1,slovo,adjektivum,,,,4.6.2,Qualities
sukně,A1,slovo,substantivum,femininum,singulár,,6.8.3,Shopping and services
sůl,A1,slovo,substantivum,femininum,singulár,,6.3.13,Food
super,A1,slovo,adverbium,,,,5.3.26,Emotions
superlegalizace,A2,slovo,substantivum,femininum,singulár,,6.11.6,Offices
supermarket,A1,slovo,substantivum,maskulinum,singulár,,6.8.1,Shopping and services
sušička,A2,slovo,substantivum,femininum,singulár,,6.2.5,Housing
sušit,A2,slovo,verbum,,,imperfektivní,4.6.2,Qualities
svačina,A2,slovo,substantivum,femininum,singulár,,6.3.4,Food
svačit,A2,slovo,verbum,,,imperfektivní,6.3.4,Food
svátek,A1,slovo,substantivum,maskulinum,singulár,,6.5.1; 6.11.7,Free time; Offices
svědek,A2,slovo,substantivum,maskulinum,singulár,,6.11.8,Offices
svědkyně,A2,slovo,substantivum,femininum,singulár,,6.11.8,Offices
světle,A2,slovo,adverbium,,,,4.6.8,Qualities
světlo,A2,slovo,substantivum,neutrum,singulár,,4.6.4; 6.2.5; 6.9.3,Qualities; Housing; Travel
světlo,A1,slovo,substantivum,neutrum,singulár,,6.2.3; 6.2.5,Housing
světlý,A1,slovo,adjektivum,,,,4.6.4; 4.6.8; 6.2.3; 6.3.14,Qualities; Housing; Food
svetr,A1,slovo,substantivum,maskulinum,singulár,,6.8.3,Shopping and services
svíčková,A2,slovo,substantivum,femininum,singulár,,6.3.6,Food
svítit,A1,slovo,verbum,,,imperfektivní,6.2.5; 6.13.3,Housing; Environment and weather
svléknout se,A1,slovo,verbum,,,perfektivní,6.7.4,Health care
svobodný,A1,slovo,adjektivum,,,,6.1.8,"Personal details, family"
sympatický,A1,slovo,adjektivum,,,,5.3.7; 5.3.8; 5.3.9; 6.1.15,"Emotions; Personal details, family"
syn,A1,slovo,substantivum,maskulinum,singulár,,6.1.13,"Personal details, family"
sypat,A2,slovo,verbum,,,imperfektivní,4.4.5,Space
sýr,A1,slovo,substantivum,maskulinum,singulár,,6.3.6; 6.3.12,Food
sýrový,A2,slovo,adjektivum,,,,6.3.12,Food
šachy,A1,slovo,substantivum,maskulinum,,,6.5.6,Free time
šála,A2,slovo,substantivum,femininum,singulár,,6.8.3,Shopping and services
šálek,A2,slovo,substantivum,maskulinum,singulár,,4.2.3; 6.3.16,Quantity; Food
šampon,A2,slovo,substantivum,maskulinum,singulár,,6.4.2,Daily routine
šátek,A2,slovo,substantivum,maskulinum,singulár,,6.8.3,Shopping and services
šatna,A2,slovo,substantivum,femininum,singulár,,6.10.2,Education
šaty,A1,slovo,substantivum,maskulinum,,,6.8.3,Shopping and services
šedivý,A1,slovo,adjektivum,,,,6.1.14,"Personal details, family"
šedý,A1,slovo,adjektivum,,,,4.6.8,Qualities
šestinedělí,A2,slovo,substantivum,neutrum,singulár,,6.7.9,Health care
široký,A1,slovo,adjektivum,,,,4.3.3,Size and measures
šířka,A2,slovo,substantivum,femininum,singulár,,4.3.3,Size and measures
šít,A2,slovo,verbum,,,imperfektivní,6.8.9,Shopping and services
škoda,A2,slovo,substantivum,femininum,singulár,,6.9.7,Travel
škola,A1,slovo,substantivum,femininum,singulár,,6.6.3; 6.10.1; 6.10.9,Work; Education
školní,A2,slovo,adjektivum,,,,6.3.2; 6.8.2; 6.10.2,Food; Shopping and services; Education
školní potřeby,A2,sousloví,,,,,6.8.2,Shopping and services
školnice,A2,slovo,substantivum,femininum,singulár,,6.10.4,Education
školník,A2,slovo,substantivum,maskulinum,singulár,,6.10.4,Education
špagety,A1,slovo,substantivum,maskulinum,,,6.3.8,Food
špatně,A1,slovo,adverbium,,,,4.7.2,Evaluation
špatný,A1,slovo,adjektivum,,,,4.7.1; 4.7.2,Evaluation
špatný pro,A2,vazba,,,,,4.7.4,Evaluation
špenát,A2,slovo,substantivum,maskulinum,,,6.3.10,Food
šperk,A2,slovo,substantivum,maskulinum,singulár,,6.8.3,Shopping and services
špína,A2,slovo,substantivum,femininum,singulár,,4.6.3,Qualities
špinavý,A1,slovo,adjektivum,,,,4.6.3,Qualities
štíhlý,A1,slovo,adjektivum,,,,6.1.14,"Personal details, family"
štvát,A1,slovo,verbum,,,imperfektivní,5.3.34,Emotions
šťastnou cestu,A1,fráze,,,,,5.5.33,Social rituals
šťastný,A1,slovo,adjektivum,,,,5.5.33,Social rituals
šunka,A1,slovo,substantivum,femininum,singulár,,6.3.7,Food
švadlena,A2,slovo,substantivum,femininum,singulár,,6.8.10,Shopping and services
švagr,A2,slovo,substantivum,maskulinum,singulár,,6.1.13,"Personal details, family"
švagrová,A2,slovo,substantivum,femininum,singulár,,6.1.13,"Personal details, family"
švestka,A2,slovo,substantivum,femininum,singulár,,6.3.10,Food
tablet,A2,slovo,substantivum,maskulinum,singulár,,6.10.3,Education
tableta,A2,slovo,substantivum,femininum,singulár,,6.8.6,Shopping and services
tabule,A1,slovo,substantivum,femininum,singulár,,6.10.3,Education
tady,A1,slovo,adverbium,,,,4.4.2; 5.6.8,Space; Discourse
tak,A1,slovo,adverbium,,,,5.2.1; 5.2.7; 5.2.30; 5.4.4,Attitudes to information; Influencing others
tak dobře,A1,fráze,,,,,5.4.5; 5.4.9,Influencing others
tak jo,A1,fráze,,,,,5.2.30,Attitudes to information
talíř,A1,slovo,substantivum,maskulinum,singulár,,4.2.3; 6.3.16,Quantity; Food
tam,A1,slovo,adverbium,,,,4.4.2; 4.4.19; 5.7.8,Space; Communication strategies
tamhle,A1,slovo,adverbium,,,,4.4.2,Space
tamten,A2,slovo,pronomen,,,,5.1.1,Giving information
tamto,A2,slovo,pronomen,,,,5.1.1,Giving information
tamtudy,A2,slovo,adverbium,,,,4.4.21,Space
tancovat,A1,slovo,verbum,,,imperfektivní,6.5.6,Free time
tankovat,A2,slovo,verbum,,,imperfektivní,6.9.5,Travel
taška,A1,slovo,substantivum,femininum,singulár,,6.8.3,Shopping and services
táta,A1,slovo,substantivum,maskulinum,singulár,,6.1.13,"Personal details, family"
tatínek,A1,slovo,substantivum,maskulinum,singulár,,6.1.13,"Personal details, family"
taxi,A2,slovo,substantivum,neutrum,singulár,,6.9.8,Travel
taxík,A1,slovo,substantivum,maskulinum,singulár,,6.9.1,Travel
téct,A1,slovo,verbum,,,imperfektivní,4.4.4; 6.2.5,Space; Housing
teď,A1,slovo,adverbium,,,,4.5.3,Time
těhotenský,A2,slovo,adjektivum,,,,6.7.11,Health care
těhotenský průkaz,A2,sousloví,,,,,6.7.11,Health care
těhotenství,A2,slovo,substantivum,neutrum,singulár,,6.7.9,Health care
těhotná,A1,slovo,adjektivum,,,,6.7.4; 6.7.9,Health care
technická prohlídka,A2,sousloví,,,,,6.9.2; 6.9.6,Travel
technický,A1,slovo,adjektivum,,,,6.9.2; 6.9.6; 6.10.7,Travel; Education
technický obor,A1,sousloví,,,,,6.10.7,Education
technický průkaz,A1,sousloví,,,,,6.9.2; 6.10.7,Travel; Education
technický stav,A2,sousloví,,,,,6.9.6,Travel
technička,A1,slovo,substantivum,femininum,singulár,,6.6.1,Work
technik,A1,slovo,substantivum,maskulinum,singulár,,6.6.1,Work
telecí,A2,slovo,adjektivum,,,,6.3.7,Food
telecí řízek,A2,sousloví,,,,,6.3.7,Food
telefon,A1,slovo,substantivum,maskulinum,singulár,,5.6.7; 6.1.4,"Discourse; Personal details, family"
telefonovat,A1,slovo,verbum,,,imperfektivní,7.1,
televize,A1,slovo,substantivum,femininum,singulár,,6.2.6; 6.5.2,Housing; Free time
televizní,A2,slovo,adjektivum,,,,6.5.3,Free time
televizor,A1,slovo,substantivum,maskulinum,singulár,,6.2.5,Housing
tělo,A1,slovo,substantivum,neutrum,singulár,,6.7.1,Health care
tělocvična,A2,slovo,substantivum,femininum,singulár,,6.5.9; 6.10.2,Free time; Education
tělocvik,A2,slovo,substantivum,maskulinum,singulár,,6.10.7,Education
temperamentní,A2,slovo,adjektivum,,,,6.1.15,"Personal details, family"
tenhle,A1,slovo,pronomen,,,,5.1.1,Giving information
tenis,A1,slovo,substantivum,maskulinum,singulár,,6.5.7,Free time
tenký,A2,slovo,adjektivum,,,,4.6.10,Qualities
tento,A1,slovo,pronomen,,,,5.1.1,Giving information
tepláky,A2,slovo,substantivum,maskulinum,,,6.5.9; 6.13.3,Free time; Environment and weather
teplo,A1,slovo,adverbium,,,,4.3.9; 6.2.6; 6.13.3,Size and measures; Housing; Environment and weather
teplota,A1,slovo,substantivum,femininum,singulár,,4.3.9; 6.7.2; 6.13.3,Size and measures; Health care; Environment and weather
teplý,A1,slovo,adjektivum,,,,4.3.9; 6.3.14,Size and measures; Food
test,A1,slovo,substantivum,maskulinum,singulár,,6.9.6; 6.10.8,Travel; Education
test na alkohol,A2,sousloví,,,,,6.9.6,Travel
test na drogy,A2,sousloví,,,,,6.9.6,Travel
těstoviny,A2,slovo,substantivum,femininum,plurál,,6.3.8,Food
těší mě,A1,fráze,,,,,5.5.21,Social rituals
"těší mě, že vás poznávám",A2,fráze,,,,,5.5.21,Social rituals
těšit,A2,slovo,verbum,,,imperfektivní,5.5.21,Social rituals
teta,A1,slovo,substantivum,femininum,singulár,,6.1.13,"Personal details, family"
textil,A1,slovo,substantivum,maskulinum,singulár,,6.8.1,Shopping and services
textilní,A1,slovo,adjektivum,,,,4.6.9,Qualities
těžký,A1,slovo,adjektivum,,,,4.3.6; 4.7.5; 6.6.5,Size and measures; Evaluation; Work
tchán,A2,slovo,substantivum,maskulinum,singulár,,6.1.13,"Personal details, family"
tchýně,A2,slovo,substantivum,femininum,singulár,,6.1.13,"Personal details, family"
ticho,A1,slovo,substantivum,neutrum,singulár,,4.6.5,Qualities
tichý,A1,slovo,adjektivum,,,,4.6.5,Qualities
tisíc,A1,slovo,,,,,4.2.1,Quantity
tísňová linka,A2,sousloví,,,,,6.12.2,Police and emergencies
tísňový,A2,slovo,adjektivum,,,,6.12.2,Police and emergencies
tlačit,A2,slovo,verbum,,,imperfektivní,4.4.5,Space
tlak,A1,slovo,substantivum,maskulinum,singulár,,6.7.2; 6.7.5,Health care
tlumočit,A1,slovo,verbum,,,imperfektivní,6.14.1,Contact with Czech society
tlumočnice,A1,slovo,substantivum,femininum,singulár,,6.11.8; 6.14.1,Offices; Contact with Czech society
tlumočník,A1,slovo,substantivum,maskulinum,singulár,,6.11.8; 6.14.1,Offices; Contact with Czech society
tlustý,A1,slovo,adjektivum,,,,6.1.14; 4.6.10,"Personal details, family; Qualities"
tma,A1,slovo,substantivum,femininum,singulár,,4.6.4,Qualities
tmavě,A2,slovo,adverbium,,,,4.6.8,Qualities
tmavý,A1,slovo,adjektivum,,,,4.6.4; 4.6.8; 6.3.14,Qualities; Food
to,A1,slovo,pronomen,,,,5.1.1; 5.2.2; 5.2.7; 5.2.12; 5.2.13; 5.3.31; 5.3.34; 5.4.2; 5.4.3; 5.4.9; 5.5.2,Giving information; Attitudes to information; Emotions; Influencing others; Social rituals
to je,A1,fráze,,,,,5.5.4; 5.5.7; 5.5.18; 5.6.9; 5.7.3; 5.5.23,Social rituals; Discourse; Communication strategies
to je dobrý nápad,A1,fráze,,,,,5.4.9,Influencing others
"to je dobře, že",A1,fráze,,,,,5.4.2,Influencing others
to je maličkost,A2,fráze,,,,,5.5.4,Social rituals
to je od vás hezké,A2,fráze,,,,,5.4.2; 5.4.3; 5.5.26,Influencing others; Social rituals
to je od vás milé,A2,fráze,,,,,5.5.26,Social rituals
to je omyl,A1,fráze,,,,,5.6.14,Discourse
to je překvapení,A2,fráze,,,,,5.3.28,Emotions
to je v pořádku,A1,fráze,,,,,5.5.2,Social rituals
to není dobrý nápad,A2,fráze,,,,,5.4.3,Influencing others
to nevadí,A1,fráze,,,,,5.5.2,Social rituals
to nic není,A1,fráze,,,,,5.3.31,Emotions
to od vás není hezké,A2,fráze,,,,,5.4.3,Influencing others
toaletní,A1,slovo,adjektivum,,,,6.4.2,Daily routine
toaletní papír,A1,sousloví,,,,,6.4.2,Daily routine
točený,A2,slovo,adjektivum,,,,6.3.14,Food
tohle,A1,slovo,pronomen,,,,5.1.1,Giving information
topení,A1,slovo,substantivum,neutrum,singulár,,6.2.5,Housing
topení na elektřinu,A1,sousloví,,,,,6.2.5,Housing
topení na plyn,A1,sousloví,,,,,6.2.5,Housing
topit,A2,slovo,verbum,,,imperfektivní,6.2.5,Housing
toto,A2,slovo,pronomen,,,,5.1.1,Giving information
továrna,A1,slovo,substantivum,femininum,singulár,,6.6.3,Work
tramvaj,A1,slovo,substantivum,femininum,singulár,,6.9.1; 6.9.8,Travel
trápit,A2,slovo,verbum,,,imperfektivní,5.3.32,Emotions
trasa,A1,slovo,substantivum,femininum,singulár,,6.9.8,Travel
trať,A2,slovo,substantivum,femininum,singulár,,6.9.10,Travel
trenér,A2,slovo,substantivum,maskulinum,singulár,,6.5.7,Free time
trenérka,A2,slovo,substantivum,femininum,singulár,,6.5.7,Free time
trénovat,A2,slovo,verbum,,,imperfektivní,6.5.7,Free time
trest,A2,slovo,substantivum,maskulinum,singulár,,6.11.8,Offices
trestní,A2,slovo,adjektivum,,,,6.11.7; 6.11.8,Offices
trestní oznámení,A2,sousloví,,,,,6.11.8,Offices
trestný čin,A2,sousloví,,,,,6.12.1,Police and emergencies
trh,A1,slovo,substantivum,maskulinum,singulár,,6.8.1,Shopping and services
trhat,A2,slovo,verbum,,,imperfektivní,6.7.8,Health care
tričko,A1,slovo,substantivum,neutrum,singulár,,6.8.3,Shopping and services
trochu,A1,slovo,adverbium,,,,4.2.3; 4.2.8,Quantity
trolejbus,A1,slovo,substantivum,maskulinum,singulár,,6.9.1; 6.9.8,Travel
trvalý,A1,slovo,adjektivum,,,,6.1.3; 6.11.6,"Personal details, family; Offices"
trvat,A1,slovo,verbum,,,imperfektivní,4.5.12,Time
tržnice,A2,slovo,substantivum,femininum,singulár,,6.8.1,Shopping and services
třešeň,A1,slovo,substantivum,femininum,singulár,,6.3.10,Food
třetí,A1,slovo,,,,,4.2.4,Quantity
tři,A1,slovo,,,,,4.2.1,Quantity
třicátý,A1,slovo,,,,,4.2.4,Quantity
třída,A1,slovo,substantivum,femininum,singulár,,6.1.3,"Personal details, family"
třída,A1,slovo,substantivum,femininum,singulár,,6.10.1; 6.10.2,Education
tudy,A2,slovo,adverbium,,,,4.4.21,Space
turista,A1,slovo,substantivum,maskulinum,singulár,,6.9.12,Travel
tužka,A1,slovo,substantivum,femininum,singulár,,6.10.3,Education
tvar,A2,slovo,substantivum,maskulinum,singulár,,4.6.1,Qualities
tvaroh,A2,slovo,substantivum,maskulinum,singulár,,6.3.12,Food
tvář,A2,slovo,substantivum,femininum,singulár,,6.7.1,Health care
tvrdý,A1,slovo,adjektivum,,,,4.6.10,Qualities
tweet,A2,slovo,substantivum,maskulinum,singulár,,6.5.5,Free time
tweetovat,A2,slovo,verbum,,,imperfektivní,6.5.5,Free time
týden,A1,slovo,substantivum,maskulinum,singulár,,4.5.1,Time
týdenní,A2,slovo,adjektivum,,,,4.5.1,Time
týdně,A2,slovo,adverbium,,,,4.5.13,Time
tým,A2,slovo,substantivum,maskulinum,singulár,,6.5.8,Free time
u telefonu,A1,fráze,,,,,5.6.7,Discourse
ubytovna,A1,slovo,substantivum,femininum,singulár,,6.2.1,Housing
účastnit se,A2,slovo,verbum,,,imperfektivní,7.1,
učebna,A2,slovo,substantivum,femininum,singulár,,6.10.2,Education
učebnice,A1,slovo,substantivum,femininum,singulár,,6.5.14; 6.10.3,Free time; Education
učesat se,A2,slovo,verbum,,,perfektivní,6.4.2,Daily routine
účet,A1,slovo,substantivum,maskulinum,singulár,,6.8.12,Shopping and services
účetní,A2,slovo,substantivum,,singulár,,6.6.1,Work
učiliště,A2,slovo,substantivum,neutrum,singulár,,6.10.1,Education
učit,A1,slovo,verbum,,,imperfektivní,6.10.4,Education
učit se,A1,slovo,verbum,,,imperfektivní,6.10.5,Education
učitel,A1,slovo,substantivum,maskulinum,singulár,,6.6.1; 6.10.4,Work; Education
učitelka,A1,slovo,substantivum,femininum,singulár,,6.6.1; 6.10.4,Work; Education
účtenka,A2,slovo,substantivum,femininum,singulár,,6.8.7,Shopping and services
událost,A2,slovo,substantivum,femininum,singulár,,4.1.3,Existence
udělat,A1,slovo,verbum,,,perfektivní,6.10.8,Education
uhlí,A2,slovo,substantivum,neutrum,singulár,,6.2.5,Housing
ucho,A1,slovo,substantivum,neutrum,singulár,,6.7.1,Health care
ukázat,A1,slovo,verbum,,,perfektivní,6.7.4; 6.8.4; 6.8.5,Health care; Shopping and services
ukazovat,A2,slovo,verbum,,,imperfektivní,7.1,
uklidit,A2,slovo,verbum,,,perfektivní,4.6.3; 6.4.3,Qualities; Daily routine
uklidnit se,A2,slovo,verbum,,,perfektivní,5.3.35,Emotions
uklízečka,A1,slovo,substantivum,femininum,singulár,,6.10.4,Education
uklízet,A1,slovo,verbum,,,imperfektivní,4.6.3; 6.4.3,Qualities; Daily routine
úkol,A1,slovo,substantivum,maskulinum,singulár,,6.10.5,Education
ukončit,A2,slovo,verbum,,,perfektivní,6.6.5,Work
Ukrajinec,A1,slovo,substantivum,maskulinum,singulár,,6.1.9,"Personal details, family"
Ukrajinka,A1,slovo,substantivum,femininum,singulár,,6.1.9,"Personal details, family"
ukrást,A1,slovo,verbum,,,perfektivní,6.12.1,Police and emergencies
ulice,A1,slovo,substantivum,femininum,singulár,,6.1.3,"Personal details, family"
uložit,A2,slovo,verbum,,,perfektivní,6.8.12,Shopping and services
ultrazvuk,A2,slovo,substantivum,maskulinum,singulár,,6.7.4,Health care
umělec,A1,slovo,substantivum,maskulinum,singulár,,6.5.12,Free time
umělecký,A2,slovo,adjektivum,,,,6.10.1,Education
umělkyně,A1,slovo,substantivum,femininum,singulár,,6.5.12,Free time
umělý,A2,slovo,adjektivum,,,,6.7.8,Health care
umět,A1,slovo,verbum,,,imperfektivní,5.2.26; 5.2.27,Attitudes to information
úmrtí,A2,slovo,substantivum,neutrum,singulár,,6.1.8,"Personal details, family"
umýt,A2,slovo,verbum,,,perfektivní,4.6.3; 6.4.3,Qualities; Daily routine
umýt se,A2,slovo,verbum,,,perfektivní,6.4.2,Daily routine
umyvadlo,A1,slovo,substantivum,neutrum,singulár,,6.2.4,Housing
unavený,A1,slovo,adjektivum,,,,6.7.2,Health care
unie,A1,slovo,substantivum,femininum,singulár,,6.14.3,Contact with Czech society
univerzita,A1,slovo,substantivum,femininum,singulár,,6.10.1,Education
univerzitní,A2,slovo,adjektivum,,,,6.10.2,Education
únor,A1,slovo,substantivum,maskulinum,singulár,,4.5.1,Time
únorový,A2,slovo,adjektivum,,,,4.5.1,Time
upéct,A2,slovo,verbum,,,perfektivní,6.3.15,Food
úplně,A2,slovo,adverbium,,,,4.2.8,Quantity
uprostřed,A2,slovo,adverbium,,,,4.4.2,Space
upřímnou soustrast,A1,fráze,,,,,5.5.27,Social rituals
upřímný,A1,slovo,adjektivum,,,,5.5.27,Social rituals
úraz,A2,slovo,substantivum,maskulinum,singulár,,6.7.3; 6.7.4,Health care
úrazový,A2,slovo,adjektivum,,,,6.8.14,Shopping and services
určitě,A2,slovo,adverbium,,,,5.2.1; 5.2.17,Attitudes to information
určitý,A2,slovo,adjektivum,,,,6.6.5,Work
úřad,A1,slovo,substantivum,maskulinum,singulár,,6.6.3; 6.6.7; 6.11.1; 6.11.2,Work; Offices
úřad práce,A1,sousloví,,,,,6.11.4; 6.11.5; 6.6.7,Offices; Work
úřad sociálního zabezpečení,A2,sousloví,,,,,6.11.4,Offices
úřední,A1,slovo,adjektivum,,,,6.11.1; 6.11.6,Offices
úřední hodiny,A1,sousloví,,,,,6.11.1,Offices
úřední překlad,A2,sousloví,,,,,6.11.6,Offices
úřednice,A1,slovo,substantivum,femininum,singulár,,6.6.1; 6.11.1,Work; Offices
úředník,A1,slovo,substantivum,maskulinum,singulár,,6.6.1; 6.11.1,Work; Offices
úschovna,A2,slovo,substantivum,femininum,singulár,,6.9.10,Travel
ústa,A2,slovo,substantivum,neutrum,,,6.7.1,Health care
ústní,A1,slovo,adjektivum,,,,6.10.8,Education
ústřední,A2,slovo,adjektivum,,,,6.2.5,Housing
ústřední topení,A2,sousloví,,,,,6.2.5,Housing
usušit,A2,slovo,verbum,,,perfektivní,4.6.2,Qualities
uši,A1,slovo,substantivum,femininum,plurál,,6.7.1,Health care
ušít,A2,slovo,verbum,,,perfektivní,6.8.9,Shopping and services
úterní,A2,slovo,adjektivum,,,,4.5.1,Time
úterý,A1,slovo,substantivum,neutrum,singulár,,4.5.1,Time
uvařit,A2,slovo,verbum,,,perfektivní,6.3.15; 6.5.6,Food; Free time
úvazek,A2,slovo,substantivum,maskulinum,singulár,,6.6.5,Work
uvidět,A2,slovo,verbum,,,perfektivní,4.6.4,Qualities
uvnitř,A2,slovo,adverbium,,,,4.4.2,Space
uzavřít,A2,slovo,verbum,,,perfektivní,6.8.14,Shopping and services
uzenina,A1,slovo,substantivum,femininum,singulár,,6.3.7,Food
úzký,A2,slovo,adjektivum,,,,4.3.3,Size and measures
uznat,A2,slovo,verbum,,,perfektivní,6.10.9,Education
uznávat,A2,slovo,verbum,,,imperfektivní,6.10.9,Education
už,A1,slovo,adverbium,,,,4.5.5,Time
užívat,A2,slovo,verbum,,,imperfektivní,6.8.6,Shopping and services
v,A1,slovo,prepozice,,,,5.2.5; 5.2.36; 5.5.2; 5.6.12,Attitudes to information; Social rituals; Discourse
v žádném případě,A2,fráze,,,,,6.6.2; 6.9.2; 6.11.5; 5.2.5,Work; Travel; Offices; Attitudes to information
vadit,A1,slovo,verbum,,,imperfektivní,5.5.2,Social rituals
vagon,A1,slovo,substantivum,maskulinum,singulár,,6.9.10,Travel
váha,A2,slovo,substantivum,femininum,singulár,,4.3.6,Size and measures
válka,A2,slovo,substantivum,femininum,singulár,,6.12.3,Police and emergencies
vana,A1,slovo,substantivum,femininum,singulár,,6.2.4,Housing
Vánoce,A1,slovo,substantivum,femininum,,,5.5.33,Social rituals
vařič,A2,slovo,substantivum,maskulinum,singulár,,6.2.5,Housing
vařit,A1,slovo,verbum,,,imperfektivní,6.3.15; 6.5.6,Food; Free time
vazba,A2,slovo,substantivum,femininum,singulár,,6.11.8,Offices
vážená paní,A1,fráze,,,,,5.6.1,Discourse
vážený,A1,slovo,adjektivum,,,,5.6.1,Discourse
vážený pane,A1,fráze,,,,,5.6.1,Discourse
vážit,A1,slovo,verbum,,,imperfektivní,4.3.6; 6.1.14; 6.7.10,"Size and measures; Personal details, family; Health care"
vážná hudba,A2,sousloví,,,,,6.1.14; 6.5.15,"Personal details, family; Free time"
vážný,A2,slovo,adjektivum,,,,6.1.14; 6.1.15; 6.7.5,"Personal details, family; Health care"
včas,A1,slovo,adverbium,,,,4.5.8,Time
včera,A1,slovo,adverbium,,,,4.5.2,Time
včerejší,A2,slovo,adjektivum,,,,4.5.2,Time
vdaná,A1,slovo,adjektivum,,,,6.1.8,"Personal details, family"
vdát se,A2,slovo,verbum,,,perfektivní,6.1.8,"Personal details, family"
vdova,A2,slovo,substantivum,femininum,singulár,,6.1.8,"Personal details, family"
vdovec,A2,slovo,substantivum,maskulinum,singulár,,6.1.8,"Personal details, family"
večer,A1,slovo,,,,,4.5.1; 5.5.14,Time; Social rituals
večerní,A2,slovo,adjektivum,,,,4.5.1,Time
večeře,A1,slovo,substantivum,femininum,singulár,,6.3.4,Food
večeřet,A1,slovo,verbum,,,imperfektivní,6.3.4,Food
vědět,A1,slovo,verbum,,,imperfektivní,5.2.8; 5.2.9; 5.2.12; 5.2.13,Attitudes to information
"vědět naprosto jistě, že",A2,fráze,,,,,5.2.16; 5.4.8,Attitudes to information; Influencing others
vedle,A1,slovo,adverbium,,,,4.3.4; 4.4.2,Size and measures; Space
vedlejší,A2,slovo,adjektivum,,,,4.4.2; 6.9.4,Space; Travel
vedoucí,A1,slovo,substantivum,,singulár,,6.6.4,Work
vejce,A1,slovo,substantivum,neutrum,singulár,,6.3.13,Food
věk,A1,slovo,substantivum,maskulinum,singulár,,4.6.13; 6.1.6,"Qualities; Personal details, family"
Velikonoce,A1,slovo,substantivum,femininum,,,5.5.33,Social rituals
velikost,A1,slovo,substantivum,femininum,singulár,,4.3.1; 4.3.2; 6.8.5,Size and measures; Shopping and services
velký,A1,slovo,adjektivum,,,,4.3.1; 4.3.2; 4.3.3; 4.3.8,Size and measures
velmi,A2,slovo,adverbium,,,,4.2.8,Quantity
ven,A2,slovo,adverbium,,,,4.4.2; 4.4.19,Space
venku,A2,slovo,adverbium,,,,4.4.2,Space
vepředu,A1,slovo,adverbium,,,,4.4.2,Space
vepřové maso,A1,sousloví,,,,,6.3.7,Food
vepřový,A1,slovo,adjektivum,,,,6.3.7,Food
veřejný,A2,slovo,adjektivum,,,,6.7.12; 6.10.1,Health care; Education
věřící,A1,slovo,substantivum,,singulár,,6.1.11,"Personal details, family"
věřit,A2,slovo,verbum,,,imperfektivní,6.1.11,"Personal details, family"
veselé Vánoce,A1,fráze,,,,,5.5.33,Social rituals
veselý,A1,slovo,adjektivum,,,,6.1.15; 5.5.33,"Personal details, family; Social rituals"
vesnice,A1,slovo,substantivum,femininum,singulár,,6.14.4,Contact with Czech society
vést,A2,slovo,verbum,,,imperfektivní,4.4.5,Space
vést na,A2,vazba,,,,,6.2.3,Housing
veterinář,A2,slovo,substantivum,maskulinum,singulár,,6.13.2,Environment and weather
veterinářka,A2,slovo,substantivum,femininum,singulár,,6.13.2,Environment and weather
větší,A2,slovo,adjektivum,,,,4.3.1,Size and measures
vězení,A2,slovo,substantivum,neutrum,singulár,,6.11.8,Offices
vézt,A2,slovo,verbum,,,imperfektivní,4.4.5,Space
věž,A2,slovo,substantivum,femininum,singulár,,6.2.5,Housing
vhodný,A2,slovo,adjektivum,,,,4.7.3,Evaluation
vchod,A1,slovo,substantivum,maskulinum,singulár,,4.4.10,Space
video,A1,slovo,substantivum,neutrum,singulár,,6.5.5,Free time
vidět,A1,slovo,verbum,,,imperfektivní,4.6.4,Qualities
vidlička,A2,slovo,substantivum,femininum,singulár,,6.3.16,Food
Vietnamec,A1,slovo,substantivum,maskulinum,singulár,,6.1.9,"Personal details, family"
Vietnamka,A1,slovo,substantivum,femininum,singulár,,6.1.9,"Personal details, family"
víkend,A1,slovo,substantivum,maskulinum,singulár,,4.5.1; 6.5.1,Time; Free time
víno,A1,slovo,substantivum,neutrum,singulár,,6.3.10; 6.3.14,Food
viróza,A1,slovo,substantivum,femininum,singulár,,6.7.5,Health care
viset,A2,slovo,verbum,,,imperfektivní,4.4.1,Space
"víš, co",A2,fráze,,,,,5.4.8,Influencing others
vitamin,A1,slovo,substantivum,maskulinum,singulár,,6.8.6,Shopping and services
vítat,A2,slovo,verbum,,,imperfektivní,5.5.18,Social rituals
vítejte v/na,A2,fráze,,,,,5.5.18,Social rituals
vítr,A1,slovo,substantivum,maskulinum,singulár,,6.13.3,Environment and weather
vízum,A1,slovo,substantivum,neutrum,singulár,,6.1.12; 6.9.12,"Personal details, family; Travel"
vjet,A2,slovo,verbum,,,perfektivní,4.4.10; 6.9.4,Space; Travel
vjezd,A2,slovo,substantivum,maskulinum,singulár,,4.4.10,Space
vjíždět,A2,slovo,verbum,,,imperfektivní,4.4.10; 6.9.4,Space; Travel
vláda,A2,slovo,substantivum,femininum,singulár,,6.14.3,Contact with Czech society
vládní,A2,slovo,adjektivum,,,,6.14.3,Contact with Czech society
vládnout,A2,slovo,verbum,,,imperfektivní,6.14.3,Contact with Czech society
vlak,A1,slovo,substantivum,maskulinum,singulár,,6.9.1,Travel
vlastní,A2,slovo,adjektivum,,,,4.8.9; 6.1.13; 6.2.2,"Logical relations; Personal details, family; Housing"
vlasy,A1,slovo,substantivum,maskulinum,plurál,,6.1.14,"Personal details, family"
vlažný,A2,slovo,adjektivum,,,,4.3.9,Size and measures
vlevo,A2,slovo,adverbium,,,,4.4.2; 4.4.19,Space
vlhko,A2,slovo,adverbium,,,,4.6.2; 6.13.3,Qualities; Environment and weather
vlhkost,A2,slovo,substantivum,femininum,singulár,,4.6.2,Qualities
vlhký,A2,slovo,adjektivum,,,,4.6.2,Qualities
vlna,A1,slovo,substantivum,femininum,singulár,,4.6.9,Qualities
vlněný,A2,slovo,adjektivum,,,,4.6.9,Qualities
vložka,A2,slovo,substantivum,femininum,singulár,,6.4.2,Daily routine
vnitro,A1,slovo,substantivum,neutrum,singulár,,6.14.3,Contact with Czech society
vnitrostátní,A2,slovo,adjektivum,,,,6.9.9,Travel
voda,A1,slovo,substantivum,femininum,singulár,,6.2.6; 6.3.14,Housing; Food
vodit,A2,slovo,verbum,,,imperfektivní,4.4.5,Space
vodné,A2,slovo,substantivum,neutrum,singulár,,6.2.6,Housing
volant,A2,slovo,substantivum,maskulinum,singulár,,6.9.3,Travel
volaný,A2,slovo,substantivum,maskulinum,singulár,,5.6.13,Discourse
volat,A1,slovo,verbum,,,imperfektivní,5.6.10; 5.6.15; 6.12.2,Discourse; Police and emergencies
volby,A2,slovo,substantivum,femininum,plurál,,6.14.3,Contact with Czech society
volejbal,A1,slovo,substantivum,maskulinum,singulár,,6.5.7,Free time
volit,A2,slovo,verbum,,,imperfektivní,6.14.3,Contact with Czech society
volně,A2,slovo,adverbium,,,,6.8.6,Shopping and services
volně prodejný,A2,sousloví,,,,,6.8.6,Shopping and services
volno,A1,slovo,adverbium,,,,6.5.1,Free time
volný,A1,slovo,adjektivum,,,,6.5.1,Free time
vonět,A2,slovo,verbum,,,imperfektivní,4.6.7,Qualities
vousy,A1,slovo,substantivum,maskulinum,plurál,,6.1.14,"Personal details, family"
vozidlo,A2,slovo,substantivum,neutrum,singulár,,6.11.1,Offices
vozík,A2,slovo,substantivum,maskulinum,singulár,,6.8.4,Shopping and services
vozit,A2,slovo,verbum,,,imperfektivní,4.4.5,Space
vpravo,A2,slovo,adverbium,,,,4.4.2; 4.4.19,Space
vracet,A2,slovo,verbum,,,imperfektivní,6.5.14; 6.8.7,Free time; Shopping and services
vracet se,A1,slovo,verbum,,,imperfektivní,4.4.13; 6.4.1,Space; Daily routine
vrátit,A1,slovo,verbum,,,perfektivní,4.4.14; 6.5.14; 6.8.7,Space; Free time; Shopping and services
vrátit se,A1,slovo,verbum,,,perfektivní,4.4.13; 4.4.14; 6.4.1,Space; Daily routine
vrátnice,A2,slovo,substantivum,femininum,singulár,,6.10.2,Education
vrchní,A1,slovo,substantivum,,singulár,,6.3.3,Food
vrtulník,A2,slovo,substantivum,maskulinum,singulár,,6.9.1,Travel
vstát,A2,slovo,verbum,,,perfektivní,4.4.6; 6.4.1,Space; Daily routine
vstávat,A1,slovo,verbum,,,imperfektivní,6.4.1,Daily routine
vstoupit,A2,slovo,verbum,,,perfektivní,4.4.10,Space
vstupenka,A1,slovo,substantivum,femininum,singulár,,6.5.13; 6.9.11,Free time; Travel
vstupovat,A2,slovo,verbum,,,imperfektivní,4.4.10,Space
všechno,A1,slovo,pronomen,,,,4.2.3; 5.5.20,Quantity; Social rituals
všechno nejlepší,A1,fráze,,,,,5.5.25,Social rituals
všichni,A2,slovo,pronomen,,,,5.6.13,Discourse
všude,A2,slovo,adverbium,,,,4.4.2,Space
vůbec,A1,slovo,partikule,,,,5.6.18,Discourse
vůbec ne,A1,fráze,,,,,5.2.5,Attitudes to information
vůně,A2,slovo,substantivum,femininum,singulár,,4.6.7,Qualities
vůz,A2,slovo,substantivum,maskulinum,singulár,,6.9.10,Travel
vy,A1,slovo,pronomen,,,,5.5.16,Social rituals
vybavení,A1,slovo,substantivum,neutrum,singulár,,6.2.5,Housing
vybavený,A2,slovo,adjektivum,,,,6.2.1,Housing
vybírat,A2,slovo,verbum,,,imperfektivní,6.8.12,Shopping and services
vybírat peníze,A2,sousloví,,,,,6.8.12,Shopping and services
výborný,A2,slovo,adjektivum,,,,4.7.1,Evaluation
vybrat,A2,slovo,verbum,,,perfektivní,6.8.12,Shopping and services
vybrat peníze,A2,sousloví,,,,,6.8.12,Shopping and services
vybuchnout,A2,slovo,verbum,,,perfektivní,6.12.3,Police and emergencies
vyčistit,A2,slovo,verbum,,,perfektivní,4.6.3; 6.4.3; 6.8.9,Qualities; Daily routine; Shopping and services
vyčistit si,A1,slovo,verbum,,,perfektivní,6.4.2,Daily routine
vyčistit si zuby,A1,sousloví,,,,,6.4.2,Daily routine
vydělat,A2,slovo,verbum,,,perfektivní,6.6.6,Work
vydělávat,A1,slovo,verbum,,,imperfektivní,6.6.6,Work
vyhovovat,A2,slovo,verbum,,,imperfektivní,4.7.3,Evaluation
vyhrát,A2,slovo,verbum,,,perfektivní,6.5.8,Free time
vyhrávat,A2,slovo,verbum,,,imperfektivní,6.5.8,Free time
východ,A1,slovo,substantivum,maskulinum,singulár,,4.4.10,Space
východ,A1,slovo,substantivum,maskulinum,singulár,,4.4.3,Space
východní,A2,slovo,adjektivum,,,,4.4.3,Space
vyjet,A2,slovo,verbum,,,perfektivní,4.4.10; 4.4.11; 6.9.4,Space; Travel
výjezd,A2,slovo,substantivum,maskulinum,singulár,,4.4.10,Space
vyjít,A2,slovo,verbum,,,perfektivní,4.4.11,Space
vyjíždět,A2,slovo,verbum,,,imperfektivní,4.4.10; 6.9.4,Space; Travel
vyjmenovat,A2,slovo,verbum,,,perfektivní,4.2.5,Quantity
vykoupat se,A2,slovo,verbum,,,perfektivní,6.4.2,Daily routine
výlet,A1,slovo,substantivum,maskulinum,singulár,,6.5.2; 6.9.12,Free time; Travel
vyluxovat,A2,slovo,verbum,,,perfektivní,6.4.3,Daily routine
vyměnit,A1,slovo,verbum,,,perfektivní,6.8.13,Shopping and services
vyměnit,A1,slovo,verbum,,,perfektivní,6.8.5; 6.9.5,Shopping and services; Travel
vyměňovat,A2,slovo,verbum,,,imperfektivní,6.8.13; 6.9.5,Shopping and services; Travel
vypadat,A2,slovo,verbum,,,imperfektivní,6.2.5,Housing
vypínat,A2,slovo,verbum,,,imperfektivní,6.2.5,Housing
výpis,A2,slovo,substantivum,maskulinum,singulár,,6.11.7,Offices
výpis z trestního rejstříku,A2,sousloví,,,,,6.11.7,Offices
výpis z účtu,A2,sousloví,,,,,6.8.12,Shopping and services
vypít,A2,slovo,verbum,,,perfektivní,6.3.1; 6.7.3,Food; Health care
výplata,A2,slovo,substantivum,femininum,singulár,,6.6.6; 6.11.4,Work; Offices
výplatní,A2,slovo,adjektivum,,,,6.6.6; 6.11.5,Work; Offices
výplatní lístek,A2,sousloví,,,,,6.6.6; 6.11.5,Work; Offices
vyplnit,A2,slovo,verbum,,,perfektivní,6.8.11; 6.10.8; 6.11.4,Shopping and services; Education; Offices
vyplňovat,A2,slovo,verbum,,,imperfektivní,6.11.5; 6.8.11; 6.10.8; 6.11.4,Offices; Shopping and services; Education
vypnout,A1,slovo,verbum,,,perfektivní,6.11.5; 6.2.5,Offices; Housing
vypočítat,A1,slovo,verbum,,,perfektivní,6.10.5,Education
výpověď,A2,slovo,substantivum,femininum,singulár,,6.6.5,Work
vyprat,A1,slovo,verbum,,,perfektivní,4.6.3; 6.4.3; 6.8.9,Qualities; Daily routine; Shopping and services
vyprávět,A2,slovo,verbum,,,imperfektivní,6.10.5,Education
vyprodáno,A2,slovo,verbum,,,imperfektivní,6.5.13,Free time
vyrážka,A2,slovo,substantivum,femininum,singulár,,6.7.2,Health care
vysavač,A2,slovo,substantivum,maskulinum,singulár,,6.4.3,Daily routine
výsledek,A2,slovo,substantivum,maskulinum,singulár,,6.7.11,Health care
výsledky z laboratoře,A2,sousloví,,,,,6.7.11,Health care
výslech,A2,slovo,substantivum,maskulinum,singulár,,6.12.1,Police and emergencies
vyslovovat,A1,slovo,verbum,,,imperfektivní,5.7.7,Communication strategies
vysoko,A2,slovo,adverbium,,,,4.3.2; 4.3.3,Size and measures
vysokoškolský,A2,slovo,adjektivum,,,,6.10.9,Education
vysoký,A1,slovo,adjektivum,,,,4.3.2; 4.3.3; 4.3.9; 4.6.12,Size and measures; Qualities
vysoký tlak,A2,sousloví,,,,,6.1.14; 6.7.5; 6.10.1,"Personal details, family; Health care; Education"
výstava,A2,slovo,substantivum,femininum,singulár,,6.5.11,Free time
vystoupit,A2,slovo,verbum,,,perfektivní,6.9.8,Travel
vystudovat,A1,slovo,verbum,,,perfektivní,6.10.9,Education
vystupovat,A2,slovo,verbum,,,imperfektivní,6.9.8,Travel
vysvědčení,A2,slovo,substantivum,neutrum,singulár,,6.10,Education
vysvětlení,A2,slovo,substantivum,neutrum,singulár,,6.12.1,Police and emergencies
vysvětlit,A1,slovo,verbum,,,perfektivní,6.10.5,Education
vysvětlovat,A2,slovo,verbum,,,imperfektivní,6.10.5,Education
vyšetření,A2,slovo,substantivum,neutrum,singulár,,6.7.4,Health care
vyšetřit,A2,slovo,verbum,,,perfektivní,6.7.4,Health care
výška,A2,slovo,substantivum,femininum,singulár,,4.3.2; 4.3.3,Size and measures
výtah,A1,slovo,substantivum,maskulinum,singulár,,6.2.1,Housing
vytrhnout,A2,slovo,verbum,,,perfektivní,6.7.8,Health care
vyučit se,A2,slovo,verbum,,,perfektivní,6.10.9,Education
výuční,A2,slovo,adjektivum,,,,6.10.9,Education
výuční list,A2,sousloví,,,,,6.10.9,Education
vyučování,A1,slovo,substantivum,neutrum,singulár,,6.10.6,Education
vyučovat,A2,slovo,verbum,,,imperfektivní,6.10.4,Education
význam,A2,slovo,substantivum,maskulinum,singulár,,4.7.6; 5.7.6,Evaluation; Communication strategies
vyznání,A2,slovo,substantivum,neutrum,singulár,,6.1.11,"Personal details, family"
vyžehlit,A2,slovo,verbum,,,perfektivní,6.4.3,Daily routine
vzadu,A1,slovo,adverbium,,,,4.4.2,Space
vzdálenost,A2,slovo,substantivum,femininum,singulár,,4.3.4,Size and measures
vzdělání,A1,slovo,substantivum,neutrum,singulár,,6.10.9,Education
vzhled,A2,slovo,substantivum,maskulinum,singulár,,6.1.14,"Personal details, family"
vzít si,A2,slovo,verbum,,,perfektivní,6.8.4,Shopping and services
vzít si s sebou,A2,sousloví,,,,,6.3.3,Food
vzpomenout si,A2,slovo,verbum,,,perfektivní,5.2.11; 5.2.13,Attitudes to information
vzpomínat si,A2,slovo,verbum,,,imperfektivní,5.2.11; 5.2.13,Attitudes to information
vždycky,A2,slovo,adverbium,,,,4.5.13,Time
WC,A1,slovo,substantivum,neutrum,singulár,,6.2.3,Housing
webová stránka,A1,sousloví,,,,,6.1.4,"Personal details, family"
webový,A1,slovo,adjektivum,,,,6.1.4,"Personal details, family"
z,A1,slovo,prepozice,,,,4.6.9; 5.3.18; 6.7.11,Qualities; Emotions; Health care
za,A2,slovo,prepozice,,,,6.8.12; 4.2.5; 5.5.3; 5.5.4; 6.1.1,"Shopping and services; Quantity; Social rituals; Personal details, family"
za druhé,A2,sousloví,,,,,6.2.6; 4.2.5,Housing; Quantity
za málo,A2,fráze,,,,,5.5.4,Social rituals
za prvé,A2,sousloví,,,,,4.2.5,Quantity
za svobodna,A2,sousloví,,,,,6.1.1,"Personal details, family"
zabalit,A2,slovo,verbum,,,perfektivní,6.8.4,Shopping and services
zaběhat si,A2,slovo,verbum,,,perfektivní,6.5.7,Free time
zabezpečení,A2,slovo,substantivum,neutrum,singulár,,6.11.4; 10.11.4,Offices
zablokovat,A1,slovo,verbum,,,perfektivní,6.8.12,Shopping and services
zablokovat účet,A1,sousloví,,,,,6.8.12,Shopping and services
zabruslit si,A2,slovo,verbum,,,perfektivní,6.5.7,Free time
záclona,A2,slovo,substantivum,femininum,singulár,,6.2.4,Housing
zácpa,A1,slovo,substantivum,femininum,singulár,,6.7.2,Health care
zacvičit si,A2,slovo,verbum,,,perfektivní,6.5.7; 6.10.5,Free time; Education
začátečnice,A1,slovo,substantivum,femininum,singulár,,6.14.1,Contact with Czech society
začátečník,A1,slovo,substantivum,maskulinum,singulár,,6.14.1,Contact with Czech society
začátek,A1,slovo,substantivum,maskulinum,singulár,,4.5.9,Time
začínat,A1,slovo,verbum,,,imperfektivní,4.5.9; 6.5.11,Time; Free time
začít,A2,slovo,verbum,,,perfektivní,4.5.9; 6.5.11,Time; Free time
záda,A1,slovo,substantivum,neutrum,,,6.7.1,Health care
zadarmo,A1,slovo,adverbium,,,,6.8.4,Shopping and services
zadat,A1,slovo,verbum,,,perfektivní,6.8.7,Shopping and services
zadat PIN,A1,sousloví,,,,,6.8.7,Shopping and services
zadní,A2,slovo,adjektivum,,,,4.4.2,Space
zahnout,A1,slovo,verbum,,,perfektivní,4.4.17; 6.9.4,Space; Travel
zahrada,A1,slovo,substantivum,femininum,singulár,,6.2.3; 6.5.6; 6.13.2,Housing; Free time; Environment and weather
zahrát si,A2,slovo,verbum,,,perfektivní,6.5.7,Free time
zahýbat,A2,slovo,verbum,,,imperfektivní,6.9.4,Travel
záchod,A1,slovo,substantivum,maskulinum,singulár,,6.2.3,Housing
zachránit,A2,slovo,verbum,,,perfektivní,6.12.2,Police and emergencies
záchranka,A1,slovo,substantivum,femininum,singulár,,6.12.2,Police and emergencies
zájem,A2,slovo,substantivum,maskulinum,singulár,,6.5.6,Free time
zájem o,A2,vazba,,,,,5.3.14; 5.3.15; 5.3.16,Emotions
zájezd,A2,slovo,substantivum,maskulinum,singulár,,6.9.12,Travel
zajímat,A2,slovo,verbum,,,imperfektivní,5.3.14; 5.3.15; 5.3.16,Emotions
zajímat se o,A2,vazba,,,,,5.3.29; 5.3.14; 5.3.15; 5.3.16,Emotions
zajímavý,A1,slovo,adjektivum,,,,6.5.6; 6.5.3,Free time
zákaz,A1,slovo,substantivum,maskulinum,singulár,,5.2.31; 6.9.4,Attitudes to information; Travel
zákaz stání,A2,sousloví,,,,,6.9.4,Travel
zákaz zastavení,A2,sousloví,,,,,6.9.4,Travel
základní,A1,slovo,adjektivum,,,,6.6.6; 6.10.1; 6.10.9,Work; Education
základní plat,A2,sousloví,,,,,6.6.6,Work
základní škola,A1,sousloví,,,,,6.10.1; 6.10.9,Education
zákon,A2,slovo,substantivum,maskulinum,singulár,,6.14.3,Contact with Czech society
zákusek,A1,slovo,substantivum,maskulinum,singulár,,6.3.5; 6.3.9,Food
záloha,A2,slovo,substantivum,femininum,singulár,,6.11.3,Offices
zaměstnanec,A1,slovo,substantivum,maskulinum,singulár,,6.6.4,Work
zaměstnání,A1,slovo,substantivum,neutrum,singulár,,6.6.1; 6.11.5,Work; Offices
zaměstnankyně,A1,slovo,substantivum,femininum,singulár,,6.6.4,Work
zaměstnavatel,A1,slovo,substantivum,maskulinum,singulár,,6.6.4,Work
západ,A1,slovo,substantivum,maskulinum,singulár,,4.4.3,Space
západní,A2,slovo,adjektivum,,,,4.4.3,Space
zápach,A2,slovo,substantivum,maskulinum,singulár,,4.6.7,Qualities
zápal,A2,slovo,substantivum,maskulinum,singulár,,6.7.5,Health care
zápal plic,A2,sousloví,,,,,6.7.5,Health care
zaparkovat,A2,slovo,verbum,,,perfektivní,6.9.5,Travel
zápas,A2,slovo,substantivum,maskulinum,singulár,,6.5.8,Free time
zapínat,A2,slovo,verbum,,,imperfektivní,6.2.5,Housing
zápis,A2,slovo,substantivum,maskulinum,singulár,,6.10.1,Education
zapisovat,A2,slovo,verbum,,,imperfektivní,6.10.1,Education
zapisovat se,A2,slovo,verbum,,,imperfektivní,6.10.1,Education
zaplatit,A1,slovo,verbum,,,perfektivní,6.2.6; 6.3.3; 6.6.6; 6.7.12,Housing; Food; Work; Health care
zaplavat si,A2,slovo,verbum,,,perfektivní,6.8.6; 6.8.7; 6.9.6; 6.11.4; 6.5.6; 6.5.7,Shopping and services; Travel; Offices; Free time
zaplombovat,A2,slovo,verbum,,,perfektivní,6.7.8,Health care
zapnout,A1,slovo,verbum,,,perfektivní,6.2.5,Housing
zapomenout,A2,slovo,verbum,,,perfektivní,5.2.11; 5.2.12; 5.2.13,Attitudes to information
"zapomenout, že",A2,vazba,,,,,5.2.14,Attitudes to information
zapsat,A2,slovo,verbum,,,perfektivní,6.10.1; 6.11.1,Education; Offices
zapsat se,A2,slovo,verbum,,,perfektivní,6.10.1,Education
zarezervovat si,A2,slovo,verbum,,,perfektivní,6.5.13,Free time
zároveň,A2,slovo,adverbium,,,,4.5.6,Time
záruční,A2,slovo,adjektivum,,,,6.8.4,Shopping and services
záruční doba,A2,sousloví,,,,,6.8.4,Shopping and services
září,A1,slovo,substantivum,neutrum,singulár,,4.5.1,Time
zařízený,A1,slovo,adjektivum,,,,6.2.1,Housing
zase,A1,slovo,adverbium,,,,4.5.13,Time
zastavení,A2,slovo,substantivum,neutrum,singulár,,6.9.4,Travel
zastavit,A1,slovo,verbum,,,perfektivní,4.4.18; 6.2.5; 6.9.4; 6.9.6,Space; Housing; Travel
zastávka,A1,slovo,substantivum,femininum,singulár,,6.9.8; 6.9.9,Travel
zastavovat,A2,slovo,verbum,,,imperfektivní,4.4.18; 6.9.4; 6.9.6,Space; Travel
zastupitelství,A2,slovo,substantivum,neutrum,singulár,,6.11.8,Offices
zaškrtnout,A2,slovo,verbum,,,perfektivní,6.10.8,Education
zatáčka,A2,slovo,substantivum,femininum,singulár,,4.4.17,Space
zataženo,A2,slovo,adverbium,,,,6.13.3,Environment and weather
zavazadlo,A2,slovo,substantivum,neutrum,singulár,,6.9.11,Travel
zavazadlový,A2,slovo,adjektivum,,,,6.9.11,Travel
zavazadlový lístek,A2,sousloví,,,,,6.9.11,Travel
zavináč,A1,slovo,substantivum,maskulinum,singulár,,6.1.4,"Personal details, family"
zavírat,A1,slovo,verbum,,,imperfektivní,7.1,
závod,A2,slovo,substantivum,maskulinum,singulár,,6.5.8,Free time
závod,A2,slovo,substantivum,maskulinum,singulár,,6.6.3,Work
závodnice,A2,slovo,substantivum,femininum,singulár,,6.5.8,Free time
závodník,A2,slovo,substantivum,maskulinum,singulár,,6.5.8,Free time
zavolání,A2,slovo,substantivum,neutrum,singulár,,5.6.19,Discourse
zavolat,A2,slovo,verbum,,,perfektivní,5.6.20; 6.12.2,Discourse; Police and emergencies
zavřeno,A1,slovo,verbum,,,perfektivní,6.5.13,Free time
zavřít,A1,slovo,verbum,,,perfektivní,7.1,
zazpívat,A2,slovo,verbum,,,perfektivní,6.5.6,Free time
zboží,A1,slovo,substantivum,neutrum,singulár,,6.8.1; 6.8.2,Shopping and services
zbytečný,A2,slovo,adjektivum,,,,4.7.4,Evaluation
zdraví Tě,A1,fráze,,,,,5.6.4,Discourse
zdravit,A1,slovo,verbum,,,imperfektivní,5.6.4,Discourse
zdravotně,A2,slovo,adverbium,,,,6.11.4; 6.11.5,Offices
zdravotně postižený,A2,sousloví,,,,,6.11.4,Offices
zdravotní,A1,slovo,adjektivum,,,,6.7.6; 6.7.11; 6.7.12,Health care
zdravotní pojištění,A1,sousloví,,,,,6.8.14; 6.7.12,Shopping and services; Health care
zdravotní pojišťovna,A2,sousloví,,,,,6.7.12,Health care
zdravotní průkaz,A2,sousloví,,,,,6.7.11,Health care
zdravotní sestra,A1,sousloví,,,,,6.7.6,Health care
zdravý,A1,slovo,adjektivum,,,,6.7.2,Health care
zedník,A1,slovo,substantivum,maskulinum,singulár,,6.6.1,Work
zelená,A2,slovo,substantivum,femininum,singulár,,6.9.4,Travel
zelená karta,A1,sousloví,,,,,6.11.5,Offices
zelenina,A1,slovo,substantivum,femininum,singulár,,6.3.10; 6.8.1,Food; Shopping and services
zeleninový,A2,slovo,adjektivum,,,,6.3.10,Food
zelený,A1,slovo,adjektivum,,,,4.6.8; 6.11.5,Qualities; Offices
zelí,A1,slovo,substantivum,neutrum,singulár,,6.3.10,Food
zeměpis,A2,slovo,substantivum,maskulinum,singulár,,6.10.7,Education
zemřít,A1,slovo,verbum,,,perfektivní,4.1.4; 6.1.8,"Existence; Personal details, family"
zeptat se,A2,slovo,verbum,,,perfektivní,5.1.7; 5.1.11,Giving information
"zeptat se, jestli",A2,vazba,,,,,5.1.7; 5.1.11; 6.10.5,Giving information; Education
zeť,A2,slovo,substantivum,maskulinum,singulár,,6.1.13,"Personal details, family"
zhasnout,A2,slovo,verbum,,,perfektivní,6.2.5,Housing
zima,A1,slovo,substantivum,femininum,singulár,,4.5.1; 6.13.3,Time; Environment and weather
zimní,A2,slovo,adjektivum,,,,4.5.1,Time
zítra,A1,slovo,adverbium,,,,4.5.1; 4.5.4,Time
zkouška,A1,slovo,substantivum,femininum,singulár,,6.9.2; 6.10.8,Travel; Education
zkouška v autoškole,A2,sousloví,,,,,6.9.2,Travel
zkusit,A1,slovo,verbum,,,perfektivní,6.9.2,Travel
zkusit si,A1,slovo,verbum,,,perfektivní,6.8.5,Shopping and services
zkušební,A2,slovo,adjektivum,,,,6.6.5,Work
zkušební doba,A2,sousloví,,,,,6.6.5,Work
zlato,A2,slovo,substantivum,neutrum,singulár,,4.6.9,Qualities
zlatý,A2,slovo,adjektivum,,,,4.6.9,Qualities
zleva,A2,slovo,adverbium,,,,4.4.20,Space
zlobit se,A2,slovo,verbum,,,imperfektivní,5.5.1,Social rituals
"zlobit se, že",A2,vazba,,,,,5.5.1,Social rituals
zlomenina,A2,slovo,substantivum,femininum,singulár,,6.7.5,Health care
zlý,A1,slovo,adjektivum,,,,6.1.14,"Personal details, family"
změna,A2,slovo,substantivum,femininum,singulár,,6.11.6,Offices
změnit,A1,slovo,verbum,,,perfektivní,6.1.3,"Personal details, family"
změnit adresu,A1,sousloví,,,,,6.1.3,"Personal details, family"
změřit,A2,slovo,verbum,,,perfektivní,4.3.2; 4.3.3; 4.3.7; 4.3.9,Size and measures
zmrzlina,A1,slovo,substantivum,femininum,singulár,,6.7.4; 6.8.9; 6.3.9,Health care; Shopping and services; Food
značka,A1,slovo,substantivum,femininum,singulár,,6.9.3; 6.9.4,Travel
známá,A2,slovo,substantivum,femininum,singulár,,6.14.2,Contact with Czech society
známka,A1,slovo,substantivum,femininum,singulár,,6.8.11; 6.10.8,Shopping and services; Education
známý,A2,slovo,adjektivum,,,,6.14.2,Contact with Czech society
známý,A2,slovo,substantivum,maskulinum,singulár,,6.14.2,Contact with Czech society
znát,A1,slovo,verbum,,,imperfektivní,5.2.8; 5.2.9,Attitudes to information
znovu,A2,slovo,adverbium,,,,4.5.13,Time
zóna,A2,slovo,substantivum,femininum,singulár,,6.9.4,Travel
zoo,A2,slovo,substantivum,neutrum,singulár,,6.13.2,Environment and weather
zoologická zahrada,A2,sousloví,,,,,6.13.2,Environment and weather
zoologický,A2,slovo,adjektivum,,,,6.13.2,Environment and weather
zopakovat,A1,slovo,verbum,,,perfektivní,5.7.3; 6.10.5; 6.10.8,Communication strategies; Education
zpáteční,A1,slovo,adjektivum,,,,6.9.10,Travel
zpátky,A2,slovo,adverbium,,,,4.4.14,Space
zpěvačka,A1,slovo,substantivum,femininum,singulár,,6.5.12,Free time
zpěvák,A1,slovo,substantivum,maskulinum,singulár,,6.5.12,Free time
zpívat,A1,slovo,verbum,,,imperfektivní,6.5.6; 6.10.5,Free time; Education
zpoždění,A1,slovo,substantivum,neutrum,singulár,,6.9.10,Travel
zprava,A2,slovo,adverbium,,,,4.4.20,Space
zpráva,A2,slovo,substantivum,femininum,singulár,,6.7.4; 6.7.11,Health care
zprávy,A1,slovo,substantivum,femininum,plurál,,6.5.3; 6.5.4; 6.5.14,Free time
zrak,A1,slovo,substantivum,maskulinum,singulár,,4.6.4,Qualities
zraněný,A1,slovo,adjektivum,,,,6.7.3; 6.9.7; 6.12.2,Health care; Travel; Police and emergencies
zranit se,A2,slovo,verbum,,,perfektivní,6.7.3,Health care
zrovna,A2,slovo,adverbium,,,,4.5.3,Time
ztratit,A1,slovo,verbum,,,perfektivní,6.1.12; 6.12.1,"Personal details, family; Police and emergencies"
zub,A1,slovo,substantivum,maskulinum,singulár,,6.4.2; 6.7.1,Daily routine; Health care
zubař,A1,slovo,substantivum,maskulinum,singulár,,6.7.6,Health care
zubařka,A1,slovo,substantivum,femininum,singulár,,6.7.6,Health care
zubní,A1,slovo,adjektivum,,,,6.7.6,Health care
zubní lékař,A1,sousloví,,,,,6.7.6,Health care
zúčastnit se,A2,slovo,verbum,,,perfektivní,6.5.8,Free time
zůstat,A2,slovo,verbum,,,perfektivní,4.4.18; 4.5.12,Space; Time
zůstat stát,A2,sousloví,,,,,4.4.18,Space
zvát,A1,slovo,verbum,,,imperfektivní,6.14.2,Contact with Czech society
zvážit,A2,slovo,verbum,,,perfektivní,4.3.6; 6.1.14; 6.7.10,"Size and measures; Personal details, family; Health care"
zvíře,A1,slovo,substantivum,neutrum,singulár,,6.13.2,Environment and weather
zvítězit,A2,slovo,verbum,,,perfektivní,6.5.8,Free time
zvlášť,A1,slovo,adverbium,,,,6.3.3,Food
zvláštně,A2,slovo,adverbium,,,,4.7.7,Evaluation
zvláštní,A1,slovo,adjektivum,,,,4.7.7; 6.6.6,Evaluation; Work
zvolit,A2,slovo,verbum,,,perfektivní,6.14.3,Contact with Czech society
zvracet,A1,slovo,verbum,,,imperfektivní,6.7.2,Health care
zvuk,A2,slovo,substantivum,maskulinum,singulár,,4.6.5,Qualities
žádat,A2,slovo,verbum,,,imperfektivní,6.1.9; 6.11.1; 6.11.2,"Personal details, family; Offices"
žádat o,A2,vazba,,,,,6.11.4; 6.11.5; 5.4.4,Offices; Influencing others
žádný,A2,slovo,pronomen,,,,4.2.3; 5.2.5,Quantity; Attitudes to information
žádost,A2,slovo,substantivum,femininum,singulár,,6.11.6,Offices
žák,A1,slovo,substantivum,maskulinum,singulár,,6.10.4,Education
žákyně,A1,slovo,substantivum,femininum,singulár,,6.10.4,Education
žaloba,A2,slovo,substantivum,femininum,singulár,,6.11.8,Offices
žaludek,A1,slovo,substantivum,maskulinum,singulár,,6.7.1,Health care
že,A2,slovo,konjunkce,,,,5.1.2; 5.1.5; 5.2.14; 5.2.15; 5.2.16; 5.2.18; 5.2.19; 5.2.20; 5.2.21; 5.3.18,Giving information; Attitudes to information; Emotions
že ano,A2,fráze,,,,,5.3.21; 5.3.30; 5.4.3; 5.5.1; 5.5.3; 5.5.17; 5.4.2; 5.1.5,Emotions; Influencing others; Social rituals; Giving information
že jo,A2,fráze,,,,,5.1.5,Giving information
že ne,A2,fráze,,,,,5.1.5,Giving information
žehlička,A2,slovo,substantivum,femininum,singulár,,6.4.3,Daily routine
žehlit,A2,slovo,verbum,,,imperfektivní,6.4.3,Daily routine
železniční,A2,slovo,adjektivum,,,,6.9.4,Travel
železniční přejezd,A2,sousloví,,,,,6.9.4,Travel
železo,A2,slovo,substantivum,neutrum,singulár,,4.6.9,Qualities
žena,A1,slovo,substantivum,femininum,singulár,,6.1.7; 6.1.8; 6.6.2,"Personal details, family; Work"
žena na mateřské dovolené,A2,sousloví,,,,,6.6.2,Work
žena na rodičovské dovolené,A2,sousloví,,,,,6.6.2,Work
žena v domácnosti,A1,sousloví,,,,,6.6.2,Work
ženatý,A1,slovo,adjektivum,,,,6.1.8,"Personal details, family"
ženský,A2,slovo,adjektivum,,,,6.1.7,"Personal details, family"
židle,A1,slovo,substantivum,femininum,singulár,,6.2.4,Housing
žít,A1,slovo,verbum,,,imperfektivní,4.1.4; 6.1.3; 6.1.8,"Existence; Personal details, family"
žít s,A2,vazba,,,,,6.1.8,"Personal details, family"
živnostenský,A1,slovo,adjektivum,,,,6.6.8; 6.11.2,Work; Offices
živnostenský list,A1,sousloví,,,,,6.6.8; 6.11.2,Work; Offices
živnostenský rejstřík,A2,sousloví,,,,,6.11.2,Offices
živnostenský úřad,A2,sousloví,,,,,6.11.2,Offices
život,A2,slovo,substantivum,maskulinum,singulár,,4.1.4,Existence
životopis,A2,slovo,substantivum,maskulinum,singulár,,6.6.7,Work
žízeň,A1,slovo,substantivum,femininum,singulár,,6.3.1,Food
žlutý,A1,slovo,adjektivum,,,,4.6.8,Qualities
